date,year,month,season,temp_mean_c,temp_max_c,temp_min_c,precip_total_mm,wind_max_kmh,dominant_weather,storm_hours
2023-01-01,2023,1,winter,8.0,9.6,6.8,1.4,29.2,cloudy,0
2023-01-02,2023,1,winter,4.2,6.6,0.9,0.1,15.2,sunny,0
2023-01-03,2023,1,winter,6.8,11.5,0.9,1.7,32.1,light_rain,0
2023-01-04,2023,1,winter,10.8,12.1,9.4,2.5,33.1,cloudy,0
2023-01-05,2023,1,winter,9.8,11.6,7.9,0.1,33.0,cloudy,0
2023-01-06,2023,1,winter,8.0,10.9,5.7,4.8,31.0,cloudy,0
2023-01-07,2023,1,winter,9.1,10.8,6.2,12.5,35.9,light_rain,0
2023-01-08,2023,1,winter,5.6,7.2,3.0,1.5,30.6,cloudy,0
2023-01-09,2023,1,winter,4.8,6.4,3.0,0.0,25.7,sunny,0
2023-01-10,2023,1,winter,7.8,11.7,3.2,9.3,35.7,cloudy,0
2023-01-11,2023,1,winter,6.9,8.7,5.7,4.4,31.3,sunny,0
2023-01-12,2023,1,winter,9.2,10.9,6.2,9.7,34.9,light_rain,0
2023-01-13,2023,1,winter,6.2,8.4,4.9,0.4,30.9,cloudy,0
2023-01-14,2023,1,winter,7.0,10.6,3.5,8.4,35.7,light_rain,0
2023-01-15,2023,1,winter,3.6,5.9,1.0,0.3,30.9,cloudy,0
2023-01-16,2023,1,winter,0.1,2.7,-2.9,0.1,25.3,cloudy,0
2023-01-17,2023,1,winter,-1.7,1.9,-3.6,0.0,15.1,sunny,0
2023-01-18,2023,1,winter,0.6,4.1,-2.2,0.0,20.3,cloudy,0
2023-01-19,2023,1,winter,0.4,3.6,-1.4,0.1,20.1,sunny,0
2023-01-20,2023,1,winter,1.5,5.2,-1.8,0.0,19.1,sunny,0
2023-01-21,2023,1,winter,-0.2,2.8,-2.7,0.0,12.0,cloudy,0
2023-01-22,2023,1,winter,-0.2,3.3,-2.2,0.0,15.6,cloudy,0
2023-01-23,2023,1,winter,0.9,3.8,-0.9,0.0,10.7,cloudy,0
2023-01-24,2023,1,winter,0.1,4.3,-2.0,0.0,8.2,sunny,0
2023-01-25,2023,1,winter,3.9,8.1,1.4,0.3,22.5,cloudy,0
2023-01-26,2023,1,winter,3.2,6.8,0.8,0.0,22.2,sunny,0
2023-01-27,2023,1,winter,2.4,4.7,-0.2,0.0,13.2,cloudy,0
2023-01-28,2023,1,winter,2.9,6.3,0.2,0.0,14.0,cloudy,0
2023-01-29,2023,1,winter,5.2,7.9,3.4,0.0,22.7,cloudy,0
2023-01-30,2023,1,winter,5.7,8.5,2.8,0.3,25.8,cloudy,0
2023-01-31,2023,1,winter,6.7,9.4,3.8,0.0,29.0,cloudy,0
2023-02-01,2023,2,winter,6.6,9.1,4.4,0.0,28.6,cloudy,0
2023-02-02,2023,2,winter,8.0,10.5,5.3,0.0,29.9,cloudy,0
2023-02-03,2023,2,winter,9.4,11.6,8.3,0.0,25.8,cloudy,0
2023-02-04,2023,2,winter,7.8,9.1,6.9,0.1,19.4,cloudy,0
2023-02-05,2023,2,winter,3.1,6.6,-0.5,0.0,20.8,cloudy,0
2023-02-06,2023,2,winter,1.3,5.9,-1.7,0.0,12.0,sunny,0
2023-02-07,2023,2,winter,1.2,6.9,-2.4,0.0,8.7,sunny,0
2023-02-08,2023,2,winter,1.2,5.1,-1.5,0.0,20.1,cloudy,0
2023-02-09,2023,2,winter,3.7,7.2,1.4,0.0,16.5,cloudy,0
2023-02-10,2023,2,winter,3.9,8.1,0.1,0.0,19.8,cloudy,0
2023-02-11,2023,2,winter,7.5,10.1,5.1,0.0,15.3,cloudy,0
2023-02-12,2023,2,winter,6.3,8.3,4.3,0.0,13.1,cloudy,0
2023-02-13,2023,2,winter,5.8,9.1,3.3,0.0,15.8,sunny,0
2023-02-14,2023,2,winter,5.6,10.8,1.8,0.0,16.2,sunny,0
2023-02-15,2023,2,winter,6.2,11.2,2.5,0.2,24.7,cloudy,0
2023-02-16,2023,2,winter,8.6,11.9,4.7,1.5,23.6,cloudy,0
2023-02-17,2023,2,winter,11.3,13.8,9.1,0.2,37.1,cloudy,0
2023-02-18,2023,2,winter,10.6,12.8,8.5,1.0,31.4,cloudy,0
2023-02-19,2023,2,winter,8.3,11.4,5.9,0.0,23.1,cloudy,0
2023-02-20,2023,2,winter,9.5,12.1,6.5,0.0,32.1,cloudy,0
2023-02-21,2023,2,winter,8.2,9.8,7.0,0.7,15.8,cloudy,0
2023-02-22,2023,2,winter,6.0,8.1,4.5,1.1,18.4,cloudy,0
2023-02-23,2023,2,winter,4.3,6.9,0.3,1.0,24.0,cloudy,0
2023-02-24,2023,2,winter,5.4,9.3,0.2,2.3,23.2,cloudy,0
2023-02-25,2023,2,winter,2.8,5.5,0.2,0.1,25.3,sunny,0
2023-02-26,2023,2,winter,3.1,6.8,0.2,0.2,23.3,sunny,0
2023-02-27,2023,2,winter,3.8,6.2,-0.7,0.5,20.8,cloudy,0
2023-02-28,2023,2,winter,4.8,6.8,2.5,1.7,21.6,cloudy,0
2023-03-01,2023,3,spring,4.8,5.9,4.0,2.5,22.9,light_rain,0
2023-03-02,2023,3,spring,4.1,6.0,1.6,0.1,16.2,cloudy,0
2023-03-03,2023,3,spring,3.8,5.1,2.6,0.0,15.3,cloudy,0
2023-03-04,2023,3,spring,3.2,5.3,-0.1,0.0,12.6,cloudy,0
2023-03-05,2023,3,spring,1.9,4.5,-1.5,0.4,15.8,cloudy,0
2023-03-06,2023,3,spring,4.1,7.3,0.6,4.4,21.6,light_rain,0
2023-03-07,2023,3,spring,1.6,4.3,-2.2,2.1,13.8,light_rain,0
2023-03-08,2023,3,spring,0.1,2.0,-4.0,5.8,24.5,cloudy,0
2023-03-09,2023,3,spring,0.5,1.1,-0.3,11.0,23.1,light_rain,0
2023-03-10,2023,3,spring,1.4,4.2,-2.3,8.8,31.4,light_rain,0
2023-03-11,2023,3,spring,0.8,5.3,-4.0,2.9,20.1,cloudy,0
2023-03-12,2023,3,spring,8.4,11.9,3.8,5.3,29.5,cloudy,0
2023-03-13,2023,3,spring,10.3,12.2,7.4,5.3,43.6,light_rain,0
2023-03-14,2023,3,spring,4.2,7.2,0.6,2.8,25.7,light_rain,0
2023-03-15,2023,3,spring,2.6,6.6,-2.8,2.9,21.9,cloudy,0
2023-03-16,2023,3,spring,9.3,11.1,6.9,4.0,30.9,light_rain,0
2023-03-17,2023,3,spring,10.3,13.1,8.3,0.8,21.1,cloudy,0
2023-03-18,2023,3,spring,9.7,12.9,7.1,4.2,20.1,light_rain,0
2023-03-19,2023,3,spring,6.9,9.6,3.7,2.3,20.7,cloudy,0
2023-03-20,2023,3,spring,9.5,13.1,5.9,3.0,22.3,light_rain,0
2023-03-21,2023,3,spring,10.2,13.1,8.4,2.2,29.9,light_rain,0
2023-03-22,2023,3,spring,10.1,12.7,8.6,3.8,35.2,light_rain,0
2023-03-23,2023,3,spring,8.7,12.3,5.9,4.6,36.6,light_rain,0
2023-03-24,2023,3,spring,8.2,11.8,5.8,0.8,32.6,sunny,0
2023-03-25,2023,3,spring,8.7,12.0,4.9,0.5,32.1,cloudy,0
2023-03-26,2023,3,spring,6.0,7.5,3.8,1.4,21.9,cloudy,0
2023-03-27,2023,3,spring,4.7,8.9,0.1,0.4,10.4,cloudy,0
2023-03-28,2023,3,spring,6.5,8.9,4.1,2.3,25.3,cloudy,0
2023-03-29,2023,3,spring,10.4,12.8,8.2,7.5,28.5,light_rain,0
2023-03-30,2023,3,spring,10.9,14.4,8.1,4.1,28.0,cloudy,0
2023-03-31,2023,3,spring,9.5,11.6,8.6,15.4,22.4,light_rain,0
2023-04-01,2023,4,spring,8.0,9.9,5.9,1.3,17.3,cloudy,0
2023-04-02,2023,4,spring,6.9,9.8,3.0,0.2,16.1,cloudy,0
2023-04-03,2023,4,spring,4.6,10.1,-0.9,0.0,15.0,sunny,0
2023-04-04,2023,4,spring,5.1,11.4,-1.8,0.0,11.5,sunny,0
2023-04-05,2023,4,spring,6.8,9.1,4.2,4.4,18.5,cloudy,0
2023-04-06,2023,4,spring,8.4,10.9,5.3,3.3,24.6,light_rain,0
2023-04-07,2023,4,spring,7.5,12.7,2.5,0.0,16.4,sunny,0
2023-04-08,2023,4,spring,7.7,13.5,0.9,0.0,13.4,cloudy,0
2023-04-09,2023,4,spring,8.9,13.9,3.5,0.1,21.6,cloudy,0
2023-04-10,2023,4,spring,9.5,11.9,6.4,10.4,35.3,light_rain,0
2023-04-11,2023,4,spring,7.1,10.6,4.4,7.7,36.7,sunny,0
2023-04-12,2023,4,spring,5.2,7.6,2.5,1.7,40.4,sunny,0
2023-04-13,2023,4,spring,7.1,10.5,3.8,1.1,29.6,sunny,0
2023-04-14,2023,4,spring,5.5,8.4,3.0,11.7,14.0,light_rain,0
2023-04-15,2023,4,spring,7.4,12.5,3.2,0.7,13.6,cloudy,0
2023-04-16,2023,4,spring,8.9,11.1,7.1,0.3,9.8,cloudy,0
2023-04-17,2023,4,spring,10.2,13.6,5.4,1.9,12.7,light_rain,0
2023-04-18,2023,4,spring,8.3,13.0,4.4,0.0,28.2,sunny,0
2023-04-19,2023,4,spring,8.9,13.1,5.6,0.4,27.2,cloudy,0
2023-04-20,2023,4,spring,7.8,13.2,3.1,0.1,25.3,sunny,0
2023-04-21,2023,4,spring,7.3,11.0,3.8,7.3,22.5,light_rain,0
2023-04-22,2023,4,spring,7.8,11.9,2.9,2.6,16.2,cloudy,0
2023-04-23,2023,4,spring,8.2,11.1,6.2,6.7,17.8,light_rain,0
2023-04-24,2023,4,spring,6.2,8.8,2.0,0.8,15.0,cloudy,0
2023-04-25,2023,4,spring,5.1,9.2,-1.4,0.0,12.2,sunny,0
2023-04-26,2023,4,spring,7.3,10.9,3.0,0.5,12.2,cloudy,0
2023-04-27,2023,4,spring,8.5,11.4,5.7,4.2,18.6,cloudy,0
2023-04-28,2023,4,spring,10.9,14.9,7.9,3.2,19.6,cloudy,0
2023-04-29,2023,4,spring,12.3,16.7,7.7,2.0,10.2,cloudy,0
2023-04-30,2023,4,spring,11.3,14.0,7.8,2.0,19.9,cloudy,0
2023-05-01,2023,5,spring,11.5,15.4,8.4,4.0,20.4,sunny,0
2023-05-02,2023,5,spring,10.7,13.8,7.5,0.3,12.9,cloudy,0
2023-05-03,2023,5,spring,9.5,13.1,5.8,0.0,20.0,cloudy,0
2023-05-04,2023,5,spring,10.6,16.6,5.0,2.9,26.3,cloudy,0
2023-05-05,2023,5,spring,12.7,16.2,10.6,5.0,19.4,light_rain,0
2023-05-06,2023,5,spring,12.0,14.2,9.6,5.3,20.1,light_rain,0
2023-05-07,2023,5,spring,13.6,17.6,9.7,0.1,12.9,cloudy,0
2023-05-08,2023,5,spring,12.3,15.5,9.6,17.0,25.4,light_rain,0
2023-05-09,2023,5,spring,13.0,16.5,9.8,5.4,14.2,cloudy,0
2023-05-10,2023,5,spring,10.9,14.6,6.4,5.3,19.3,sunny,0
2023-05-11,2023,5,spring,10.7,15.1,6.8,11.2,10.0,sunny,0
2023-05-12,2023,5,spring,11.0,13.7,8.9,0.5,24.5,cloudy,0
2023-05-13,2023,5,spring,10.6,15.2,7.1,0.0,18.1,cloudy,0
2023-05-14,2023,5,spring,12.4,18.2,6.1,0.3,15.3,cloudy,0
2023-05-15,2023,5,spring,10.4,13.2,7.4,0.1,26.3,cloudy,0
2023-05-16,2023,5,spring,10.0,14.4,5.6,0.3,21.9,sunny,0
2023-05-17,2023,5,spring,11.5,15.6,6.7,1.1,16.9,cloudy,0
2023-05-18,2023,5,spring,14.0,18.0,9.4,0.2,12.2,cloudy,0
2023-05-19,2023,5,spring,12.7,15.9,9.7,5.7,15.3,light_rain,0
2023-05-20,2023,5,spring,11.7,17.4,5.9,0.0,18.1,sunny,0
2023-05-21,2023,5,spring,12.1,18.1,5.5,0.0,17.6,sunny,0
2023-05-22,2023,5,spring,13.5,20.2,7.9,0.3,23.2,sunny,0
2023-05-23,2023,5,spring,12.7,16.8,8.9,0.1,13.5,cloudy,0
2023-05-24,2023,5,spring,12.7,17.8,8.3,0.0,19.5,sunny,0
2023-05-25,2023,5,spring,14.1,18.4,10.1,0.0,14.4,cloudy,0
2023-05-26,2023,5,spring,13.3,18.2,8.5,0.0,14.2,sunny,0
2023-05-27,2023,5,spring,13.2,19.5,4.6,0.0,11.4,sunny,0
2023-05-28,2023,5,spring,14.3,18.5,9.7,0.5,21.8,cloudy,0
2023-05-29,2023,5,spring,11.2,15.8,6.2,0.0,21.4,cloudy,0
2023-05-30,2023,5,spring,11.3,15.4,5.9,0.0,22.3,cloudy,0
2023-05-31,2023,5,spring,11.7,14.4,9.4,0.4,21.7,cloudy,0
2023-06-01,2023,6,summer,11.9,16.9,8.8,0.0,21.5,cloudy,0
2023-06-02,2023,6,summer,12.1,17.0,8.6,0.0,19.0,sunny,0
2023-06-03,2023,6,summer,12.7,18.9,5.8,0.0,15.6,sunny,0
2023-06-04,2023,6,summer,12.6,18.7,6.3,0.0,15.9,sunny,0
2023-06-05,2023,6,summer,12.0,16.4,7.3,0.0,18.4,cloudy,0
2023-06-06,2023,6,summer,11.7,15.1,9.4,0.0,17.7,cloudy,0
2023-06-07,2023,6,summer,12.7,17.6,9.4,0.1,17.9,cloudy,0
2023-06-08,2023,6,summer,12.7,18.5,6.9,0.0,20.3,sunny,0
2023-06-09,2023,6,summer,14.8,21.2,8.4,0.0,22.7,sunny,0
2023-06-10,2023,6,summer,18.8,27.0,9.5,0.9,18.4,sunny,0
2023-06-11,2023,6,summer,20.7,26.9,15.3,6.2,13.6,cloudy,0
2023-06-12,2023,6,summer,20.4,26.2,16.4,6.5,14.8,cloudy,0
2023-06-13,2023,6,summer,19.9,26.2,13.9,0.0,18.6,sunny,0
2023-06-14,2023,6,summer,17.6,24.9,9.5,0.0,16.0,sunny,0
2023-06-15,2023,6,summer,19.0,24.5,12.2,0.0,13.5,sunny,0
2023-06-16,2023,6,summer,19.8,24.9,13.4,0.0,14.7,sunny,0
2023-06-17,2023,6,summer,18.5,23.6,13.9,5.2,15.3,cloudy,0
2023-06-18,2023,6,summer,17.4,22.2,13.9,31.2,17.1,cloudy,0
2023-06-19,2023,6,summer,17.9,22.2,13.2,1.0,21.1,sunny,0
2023-06-20,2023,6,summer,16.4,20.0,12.3,20.0,15.8,cloudy,0
2023-06-21,2023,6,summer,17.6,22.0,12.8,4.2,15.0,light_rain,0
2023-06-22,2023,6,summer,18.1,22.5,14.1,2.8,11.9,sunny,0
2023-06-23,2023,6,summer,18.3,21.9,13.8,0.1,20.9,cloudy,0
2023-06-24,2023,6,summer,20.6,24.6,16.2,0.4,18.4,cloudy,0
2023-06-25,2023,6,summer,20.1,26.5,14.9,0.8,28.2,sunny,0
2023-06-26,2023,6,summer,16.4,20.2,12.4,0.0,24.1,sunny,0
2023-06-27,2023,6,summer,16.4,20.3,12.0,1.0,25.0,cloudy,0
2023-06-28,2023,6,summer,18.5,21.6,15.3,3.1,19.7,cloudy,0
2023-06-29,2023,6,summer,16.1,20.0,12.0,0.4,17.1,sunny,0
2023-06-30,2023,6,summer,14.5,18.6,10.4,1.1,26.3,cloudy,0
2023-07-01,2023,7,summer,16.6,19.4,13.9,0.1,27.8,cloudy,0
2023-07-02,2023,7,summer,14.4,17.4,10.7,0.0,27.0,sunny,0
2023-07-03,2023,7,summer,13.9,17.3,10.6,1.3,30.6,sunny,0
2023-07-04,2023,7,summer,13.3,15.8,11.3,2.7,19.0,cloudy,0
2023-07-05,2023,7,summer,13.9,18.1,9.1,0.6,23.1,sunny,0
2023-07-06,2023,7,summer,15.0,18.9,10.2,0.3,26.8,cloudy,0
2023-07-07,2023,7,summer,19.0,25.0,12.6,0.0,21.5,sunny,0
2023-07-08,2023,7,summer,19.7,23.4,17.3,7.5,19.7,light_rain,0
2023-07-09,2023,7,summer,17.0,21.0,13.4,3.7,20.6,cloudy,0
2023-07-10,2023,7,summer,15.6,19.0,11.8,8.4,29.6,light_rain,0
2023-07-11,2023,7,summer,16.0,19.0,13.8,15.0,27.9,light_rain,0
2023-07-12,2023,7,summer,15.1,19.1,11.6,3.6,25.6,sunny,0
2023-07-13,2023,7,summer,15.8,19.6,11.9,0.5,18.4,sunny,0
2023-07-14,2023,7,summer,14.6,17.4,12.4,12.7,28.6,light_rain,0
2023-07-15,2023,7,summer,15.5,17.5,13.7,3.4,39.3,light_rain,0
2023-07-16,2023,7,summer,15.3,18.4,13.1,3.0,29.2,cloudy,0
2023-07-17,2023,7,summer,14.9,19.2,10.6,1.2,19.8,sunny,0
2023-07-18,2023,7,summer,14.3,16.6,11.1,4.3,14.2,cloudy,0
2023-07-19,2023,7,summer,16.0,19.6,12.4,1.4,19.1,sunny,0
2023-07-20,2023,7,summer,13.9,18.1,9.6,2.9,13.0,sunny,0
2023-07-21,2023,7,summer,13.7,17.0,9.2,0.6,18.7,cloudy,0
2023-07-22,2023,7,summer,14.1,16.4,12.2,18.8,25.7,light_rain,0
2023-07-23,2023,7,summer,17.3,20.9,14.3,2.8,25.4,light_rain,0
2023-07-24,2023,7,summer,14.2,17.6,12.0,6.1,18.7,light_rain,0
2023-07-25,2023,7,summer,13.1,16.8,8.7,0.6,18.1,sunny,0
2023-07-26,2023,7,summer,14.0,19.5,9.3,14.4,19.2,cloudy,0
2023-07-27,2023,7,summer,18.6,22.4,15.1,1.2,20.3,cloudy,0
2023-07-28,2023,7,summer,17.7,20.6,15.1,0.3,21.9,cloudy,0
2023-07-29,2023,7,summer,16.4,19.8,13.4,0.2,26.3,cloudy,0
2023-07-30,2023,7,summer,15.4,18.4,12.9,6.2,28.3,light_rain,0
2023-07-31,2023,7,summer,16.3,18.4,14.6,2.0,25.4,cloudy,0
2023-08-01,2023,8,summer,15.7,19.0,12.6,0.5,22.0,cloudy,0
2023-08-02,2023,8,summer,15.8,19.3,12.9,9.4,19.8,light_rain,0
2023-08-03,2023,8,summer,15.3,18.5,12.1,1.7,19.7,sunny,0
2023-08-04,2023,8,summer,14.6,17.0,12.2,1.1,23.0,cloudy,0
2023-08-05,2023,8,summer,12.2,13.6,11.2,10.6,25.7,light_rain,0
2023-08-06,2023,8,summer,13.2,17.0,9.9,0.6,19.7,sunny,0
2023-08-07,2023,8,summer,13.9,18.0,9.9,0.0,18.4,sunny,0
2023-08-08,2023,8,summer,13.5,16.8,10.1,0.6,12.5,cloudy,0
2023-08-09,2023,8,summer,16.2,21.9,9.1,0.0,13.3,cloudy,0
2023-08-10,2023,8,summer,20.0,25.6,14.7,0.0,18.8,sunny,0
2023-08-11,2023,8,summer,19.0,22.5,15.9,0.0,25.7,cloudy,0
2023-08-12,2023,8,summer,16.6,19.8,13.5,1.8,28.3,cloudy,0
2023-08-13,2023,8,summer,16.5,19.0,14.3,1.3,25.7,cloudy,0
2023-08-14,2023,8,summer,16.7,20.3,14.8,8.1,34.3,light_rain,0
2023-08-15,2023,8,summer,16.0,20.8,11.5,0.6,14.9,sunny,0
2023-08-16,2023,8,summer,16.3,21.2,11.1,0.0,9.7,sunny,0
2023-08-17,2023,8,summer,17.2,22.0,12.8,0.3,21.9,sunny,0
2023-08-18,2023,8,summer,17.6,21.7,13.3,2.6,25.8,cloudy,0
2023-08-19,2023,8,summer,18.6,21.5,15.5,4.1,30.3,light_rain,0
2023-08-20,2023,8,summer,17.3,21.7,13.8,0.7,21.4,sunny,0
2023-08-21,2023,8,summer,16.7,20.8,12.4,0.0,23.4,cloudy,0
2023-08-22,2023,8,summer,17.5,20.5,15.1,0.1,20.8,cloudy,0
2023-08-23,2023,8,summer,16.6,21.0,12.8,1.2,11.2,cloudy,0
2023-08-24,2023,8,summer,17.2,21.5,13.2,0.7,16.2,cloudy,0
2023-08-25,2023,8,summer,13.3,17.0,9.4,1.6,18.1,light_rain,0
2023-08-26,2023,8,summer,13.0,17.1,9.6,5.5,13.3,sunny,0
2023-08-27,2023,8,summer,13.4,16.5,10.2,0.5,19.5,cloudy,0
2023-08-28,2023,8,summer,13.6,17.4,10.2,0.8,17.6,cloudy,0
2023-08-29,2023,8,summer,13.3,16.6,10.3,2.5,16.8,light_rain,0
2023-08-30,2023,8,summer,13.0,17.3,9.4,0.5,21.4,sunny,0
2023-08-31,2023,8,summer,12.2,14.7,9.1,3.0,14.0,cloudy,0
2023-09-01,2023,9,autumn,15.8,19.9,12.4,1.2,11.3,cloudy,0
2023-09-02,2023,9,autumn,17.0,21.5,13.4,0.2,14.5,cloudy,0
2023-09-03,2023,9,autumn,17.6,23.6,11.9,0.0,10.1,cloudy,0
2023-09-04,2023,9,autumn,19.5,26.1,13.4,0.0,11.5,sunny,0
2023-09-05,2023,9,autumn,19.1,25.9,13.1,0.0,18.7,sunny,0
2023-09-06,2023,9,autumn,19.8,26.4,13.6,0.0,8.4,cloudy,0
2023-09-07,2023,9,autumn,21.7,27.8,16.9,0.0,10.4,cloudy,0
2023-09-08,2023,9,autumn,21.5,28.1,14.5,0.0,7.4,cloudy,0
2023-09-09,2023,9,autumn,22.7,28.5,17.1,0.1,9.9,sunny,0
2023-09-10,2023,9,autumn,20.3,26.2,16.7,10.3,18.4,cloudy,0
2023-09-11,2023,9,autumn,18.7,22.1,15.8,1.1,20.5,cloudy,0
2023-09-12,2023,9,autumn,15.2,17.1,12.5,8.1,19.1,light_rain,0
2023-09-13,2023,9,autumn,13.5,17.6,8.8,0.0,15.2,sunny,0
2023-09-14,2023,9,autumn,14.7,17.0,11.9,1.8,15.3,cloudy,0
2023-09-15,2023,9,autumn,16.3,20.3,12.4,0.0,12.7,cloudy,0
2023-09-16,2023,9,autumn,15.9,21.0,11.1,0.0,19.6,cloudy,0
2023-09-17,2023,9,autumn,16.0,19.2,13.7,4.5,23.7,cloudy,0
2023-09-18,2023,9,autumn,14.6,17.1,11.6,5.4,26.2,light_rain,0
2023-09-19,2023,9,autumn,15.1,17.8,11.4,3.1,36.9,cloudy,0
2023-09-20,2023,9,autumn,15.6,16.8,11.6,7.6,37.0,light_rain,0
2023-09-21,2023,9,autumn,11.5,15.8,8.1,1.2,19.0,sunny,0
2023-09-22,2023,9,autumn,10.8,14.6,7.0,0.7,21.9,sunny,0
2023-09-23,2023,9,autumn,11.5,15.0,7.8,0.1,20.2,sunny,0
2023-09-24,2023,9,autumn,16.3,19.2,12.5,3.6,34.2,cloudy,0
2023-09-25,2023,9,autumn,15.6,18.8,13.1,1.1,26.6,cloudy,0
2023-09-26,2023,9,autumn,14.7,18.5,11.6,1.6,29.0,cloudy,0
2023-09-27,2023,9,autumn,14.5,18.0,11.2,1.2,36.4,cloudy,0
2023-09-28,2023,9,autumn,14.6,15.9,12.6,6.0,31.9,cloudy,0
2023-09-29,2023,9,autumn,13.9,17.5,11.2,2.0,21.1,sunny,0
2023-09-30,2023,9,autumn,13.0,15.7,9.1,2.8,24.6,cloudy,0
2023-10-01,2023,10,autumn,17.5,19.7,15.9,0.7,25.0,cloudy,0
2023-10-02,2023,10,autumn,14.4,17.4,11.8,9.3,20.9,cloudy,0
2023-10-03,2023,10,autumn,12.3,15.8,9.1,1.3,29.4,cloudy,0
2023-10-04,2023,10,autumn,12.8,16.2,10.2,0.1,26.7,cloudy,0
2023-10-05,2023,10,autumn,13.5,15.9,11.4,4.6,26.8,cloudy,0
2023-10-06,2023,10,autumn,16.2,19.6,13.9,1.2,30.1,cloudy,0
2023-10-07,2023,10,autumn,17.1,21.2,14.1,0.3,24.1,cloudy,0
2023-10-08,2023,10,autumn,16.1,20.6,11.8,0.0,15.6,cloudy,0
2023-10-09,2023,10,autumn,16.3,21.6,13.3,0.0,12.6,cloudy,0
2023-10-10,2023,10,autumn,15.8,19.0,12.9,0.0,23.8,cloudy,0
2023-10-11,2023,10,autumn,15.5,17.2,11.3,7.9,25.7,light_rain,0
2023-10-12,2023,10,autumn,11.2,12.6,9.2,0.9,11.6,cloudy,0
2023-10-13,2023,10,autumn,13.3,17.0,8.6,28.8,25.5,light_rain,0
2023-10-14,2023,10,autumn,8.1,11.1,5.8,0.2,19.5,sunny,0
2023-10-15,2023,10,autumn,6.5,10.1,3.5,0.0,16.2,sunny,0
2023-10-16,2023,10,autumn,6.6,10.2,2.4,0.0,13.5,cloudy,0
2023-10-17,2023,10,autumn,9.5,13.7,6.7,0.0,26.6,cloudy,0
2023-10-18,2023,10,autumn,11.1,14.1,8.9,14.8,26.3,cloudy,0
2023-10-19,2023,10,autumn,14.0,17.1,11.5,8.9,25.0,light_rain,0
2023-10-20,2023,10,autumn,12.1,13.4,10.1,35.2,18.8,light_rain,0
2023-10-21,2023,10,autumn,9.1,11.1,6.7,3.7,16.3,light_rain,0
2023-10-22,2023,10,autumn,8.6,13.1,5.3,0.2,14.5,sunny,0
2023-10-23,2023,10,autumn,9.6,13.8,6.1,0.0,18.9,cloudy,0
2023-10-24,2023,10,autumn,9.1,12.5,6.2,0.6,13.0,cloudy,0
2023-10-25,2023,10,autumn,7.4,10.6,5.7,0.0,11.9,cloudy,0
2023-10-26,2023,10,autumn,9.6,13.1,7.3,4.4,17.3,cloudy,0
2023-10-27,2023,10,autumn,8.8,11.8,7.3,1.9,13.4,cloudy,0
2023-10-28,2023,10,autumn,9.5,13.3,7.0,7.9,18.8,cloudy,0
2023-10-29,2023,10,autumn,9.7,12.4,7.6,0.2,21.1,cloudy,0
2023-10-30,2023,10,autumn,9.5,13.1,6.2,2.0,17.9,cloudy,0
2023-10-31,2023,10,autumn,8.5,11.6,5.1,9.8,13.0,cloudy,0
2023-11-01,2023,11,autumn,10.0,12.1,6.7,3.5,28.4,light_rain,0
2023-11-02,2023,11,autumn,8.5,9.8,7.6,16.0,34.8,light_rain,0
2023-11-03,2023,11,autumn,8.3,11.3,5.7,1.0,26.3,sunny,0
2023-11-04,2023,11,autumn,6.3,8.1,4.6,22.3,26.9,light_rain,0
2023-11-05,2023,11,autumn,8.0,10.9,5.9,0.5,22.0,cloudy,0
2023-11-06,2023,11,autumn,7.5,10.8,5.8,0.0,26.0,sunny,0
2023-11-07,2023,11,autumn,7.3,10.9,5.4,0.1,23.0,sunny,0
2023-11-08,2023,11,autumn,7.8,11.2,5.4,2.3,28.6,cloudy,0
2023-11-09,2023,11,autumn,6.7,8.4,5.6,1.3,25.5,cloudy,0
2023-11-10,2023,11,autumn,5.4,8.2,2.5,0.0,21.8,sunny,0
2023-11-11,2023,11,autumn,5.0,9.3,2.0,0.0,14.3,sunny,0
2023-11-12,2023,11,autumn,5.2,8.1,2.1,1.9,18.0,cloudy,0
2023-11-13,2023,11,autumn,10.3,12.9,7.2,4.9,37.1,cloudy,0
2023-11-14,2023,11,autumn,9.6,11.8,8.4,0.9,23.2,cloudy,0
2023-11-15,2023,11,autumn,7.8,10.0,4.8,0.0,26.8,sunny,0
2023-11-16,2023,11,autumn,4.6,7.3,2.6,1.0,11.5,cloudy,0
2023-11-17,2023,11,autumn,5.9,8.7,3.8,0.7,15.3,sunny,0
2023-11-18,2023,11,autumn,11.1,14.1,6.8,4.0,27.4,light_rain,0
2023-11-19,2023,11,autumn,10.7,12.5,9.6,2.5,30.7,cloudy,0
2023-11-20,2023,11,autumn,8.8,10.8,6.2,0.1,19.8,cloudy,0
2023-11-21,2023,11,autumn,7.4,9.2,3.5,1.0,22.1,cloudy,0
2023-11-22,2023,11,autumn,7.6,10.4,2.3,0.1,19.5,cloudy,0
2023-11-23,2023,11,autumn,10.6,12.1,8.6,0.8,29.8,cloudy,0
2023-11-24,2023,11,autumn,5.5,8.4,0.4,0.0,25.6,cloudy,0
2023-11-25,2023,11,autumn,0.6,4.6,-2.2,0.0,13.1,sunny,0
2023-11-26,2023,11,autumn,2.5,4.8,-1.2,0.1,12.1,cloudy,0
2023-11-27,2023,11,autumn,5.1,7.2,3.3,6.5,19.9,light_rain,0
2023-11-28,2023,11,autumn,2.8,5.2,0.2,0.0,16.5,sunny,0
2023-11-29,2023,11,autumn,-0.0,2.8,-3.9,0.0,9.2,cloudy,0
2023-11-30,2023,11,autumn,-0.9,2.5,-3.8,0.0,18.4,sunny,0
2023-12-01,2023,12,winter,-1.9,1.5,-4.5,0.0,10.0,sunny,0
2023-12-02,2023,12,winter,-2.1,-0.6,-5.0,0.0,14.8,cloudy,0
2023-12-03,2023,12,winter,2.1,3.7,-0.3,10.6,17.9,light_rain,0
2023-12-04,2023,12,winter,4.8,5.8,3.8,29.3,19.8,light_rain,0
2023-12-05,2023,12,winter,3.5,5.3,-0.6,6.4,18.3,light_rain,0
2023-12-06,2023,12,winter,0.6,2.7,-2.0,0.2,19.5,cloudy,0
2023-12-07,2023,12,winter,5.4,6.8,3.0,14.1,28.5,light_rain,0
2023-12-08,2023,12,winter,6.7,8.7,5.7,0.2,24.9,cloudy,0
2023-12-09,2023,12,winter,8.2,11.9,6.1,11.7,38.5,cloudy,0
2023-12-10,2023,12,winter,7.6,9.6,5.6,3.8,37.1,cloudy,0
2023-12-11,2023,12,winter,7.2,9.4,4.7,0.0,36.2,sunny,0
2023-12-12,2023,12,winter,7.5,9.8,5.2,1.5,18.2,cloudy,0
2023-12-13,2023,12,winter,5.2,6.3,1.0,0.6,26.6,cloudy,0
2023-12-14,2023,12,winter,4.1,9.0,-0.3,0.7,18.4,cloudy,0
2023-12-15,2023,12,winter,5.6,7.7,3.2,0.0,18.6,cloudy,0
2023-12-16,2023,12,winter,9.8,11.2,8.4,0.0,26.3,cloudy,0
2023-12-17,2023,12,winter,8.7,9.9,7.7,0.0,30.8,cloudy,0
2023-12-18,2023,12,winter,10.5,11.9,8.8,1.1,27.5,cloudy,0
2023-12-19,2023,12,winter,8.3,11.4,5.1,13.4,19.4,light_rain,0
2023-12-20,2023,12,winter,8.1,10.4,5.3,0.3,25.7,cloudy,0
2023-12-21,2023,12,winter,10.1,11.6,7.8,0.1,44.7,cloudy,0
2023-12-22,2023,12,winter,8.7,9.3,7.8,2.3,30.6,cloudy,0
2023-12-23,2023,12,winter,9.2,10.4,8.4,0.1,28.2,cloudy,0
2023-12-24,2023,12,winter,11.4,12.4,9.8,1.6,32.5,cloudy,0
2023-12-25,2023,12,winter,9.4,10.5,7.7,2.5,26.6,cloudy,0
2023-12-26,2023,12,winter,5.7,7.5,3.9,0.0,22.1,cloudy,0
2023-12-27,2023,12,winter,8.3,11.6,4.9,17.8,42.4,light_rain,0
2023-12-28,2023,12,winter,8.4,9.6,6.8,3.0,39.7,cloudy,0
2023-12-29,2023,12,winter,6.0,7.7,3.9,0.3,30.6,cloudy,0
2023-12-30,2023,12,winter,6.9,10.5,3.0,12.9,36.9,cloudy,0
2023-12-31,2023,12,winter,5.9,7.4,4.5,4.2,27.9,cloudy,0
2024-01-01,2024,1,winter,6.0,8.4,4.3,12.2,27.5,sunny,0
2024-01-02,2024,1,winter,8.7,10.4,6.9,19.8,39.5,light_rain,0
2024-01-03,2024,1,winter,6.7,7.8,5.4,7.9,21.3,light_rain,0
2024-01-04,2024,1,winter,4.8,6.2,3.5,0.1,19.3,cloudy,0
2024-01-05,2024,1,winter,4.5,6.1,3.3,0.2,16.3,cloudy,0
2024-01-06,2024,1,winter,2.4,4.9,-0.1,0.0,13.1,sunny,0
2024-01-07,2024,1,winter,2.1,3.3,0.5,0.0,16.6,cloudy,0
2024-01-08,2024,1,winter,1.1,2.4,0.0,0.9,24.4,cloudy,0
2024-01-09,2024,1,winter,-0.0,2.7,-1.4,0.0,27.6,sunny,0
2024-01-10,2024,1,winter,1.9,4.3,-0.1,0.1,22.7,sunny,0
2024-01-11,2024,1,winter,2.5,4.7,-0.2,0.2,22.9,sunny,0
2024-01-12,2024,1,winter,3.6,5.4,1.4,0.0,14.3,cloudy,0
2024-01-13,2024,1,winter,2.8,5.8,-0.1,0.0,12.7,cloudy,0
2024-01-14,2024,1,winter,2.8,4.9,-0.8,1.0,17.4,cloudy,0
2024-01-15,2024,1,winter,-1.2,0.4,-3.0,0.0,17.8,sunny,0
2024-01-16,2024,1,winter,-0.3,2.5,-2.2,0.0,21.1,cloudy,0
2024-01-17,2024,1,winter,-1.5,0.6,-5.1,0.0,18.5,cloudy,0
2024-01-18,2024,1,winter,-2.6,1.0,-5.2,0.0,14.8,sunny,0
2024-01-19,2024,1,winter,-0.0,3.5,-2.2,0.0,20.1,sunny,0
2024-01-20,2024,1,winter,3.1,4.8,-0.2,0.8,33.7,cloudy,0
2024-01-21,2024,1,winter,8.0,10.9,3.8,7.5,48.2,light_rain,0
2024-01-22,2024,1,winter,7.5,11.6,5.2,1.6,49.5,sunny,0
2024-01-23,2024,1,winter,8.1,12.4,3.2,2.6,40.3,light_rain,0
2024-01-24,2024,1,winter,7.9,10.5,4.2,0.0,41.4,cloudy,0
2024-01-25,2024,1,winter,8.5,11.2,3.9,0.2,27.5,cloudy,0
2024-01-26,2024,1,winter,6.9,11.9,3.5,0.6,37.7,sunny,0
2024-01-27,2024,1,winter,4.4,7.2,2.0,0.0,20.5,cloudy,0
2024-01-28,2024,1,winter,6.7,10.1,3.2,0.0,23.9,cloudy,0
2024-01-29,2024,1,winter,10.2,11.9,8.9,2.9,25.0,cloudy,0
2024-01-30,2024,1,winter,5.9,11.1,1.4,0.5,22.7,cloudy,0
2024-01-31,2024,1,winter,5.0,9.8,1.1,1.6,34.0,cloudy,0
2024-02-01,2024,2,winter,4.4,6.8,2.3,0.0,20.7,cloudy,0
2024-02-02,2024,2,winter,9.0,11.1,3.7,0.0,28.8,cloudy,0
2024-02-03,2024,2,winter,10.6,12.6,9.4,0.2,28.0,cloudy,0
2024-02-04,2024,2,winter,10.3,11.7,8.8,0.1,30.0,cloudy,0
2024-02-05,2024,2,winter,8.9,10.6,7.0,0.1,31.3,cloudy,0
2024-02-06,2024,2,winter,9.5,11.7,4.7,11.3,33.0,cloudy,0
2024-02-07,2024,2,winter,3.4,5.3,0.2,0.1,9.6,cloudy,0
2024-02-08,2024,2,winter,2.8,7.1,1.6,21.5,25.7,light_rain,0
2024-02-09,2024,2,winter,8.7,10.9,7.4,10.0,23.7,light_rain,0
2024-02-10,2024,2,winter,6.3,8.6,4.1,1.8,11.5,cloudy,0
2024-02-11,2024,2,winter,4.5,8.6,1.2,0.1,17.8,cloudy,0
2024-02-12,2024,2,winter,4.3,7.9,1.0,0.0,23.7,sunny,0
2024-02-13,2024,2,winter,7.0,10.4,4.9,6.3,22.2,light_rain,0
2024-02-14,2024,2,winter,11.2,13.2,9.6,0.8,26.2,cloudy,0
2024-02-15,2024,2,winter,12.8,15.6,10.9,2.3,22.9,cloudy,0
2024-02-16,2024,2,winter,9.7,11.6,8.1,5.8,22.6,cloudy,0
2024-02-17,2024,2,winter,10.0,12.4,7.5,7.1,25.7,cloudy,0
2024-02-18,2024,2,winter,10.6,12.6,7.3,9.3,22.1,light_rain,0
2024-02-19,2024,2,winter,8.5,11.2,6.3,0.7,22.6,cloudy,0
2024-02-20,2024,2,winter,8.6,11.8,5.2,0.3,29.3,cloudy,0
2024-02-21,2024,2,winter,9.0,11.3,7.6,8.5,35.2,light_rain,0
2024-02-22,2024,2,winter,6.1,8.5,1.9,10.0,27.2,light_rain,0
2024-02-23,2024,2,winter,3.2,6.6,0.9,1.5,21.4,cloudy,0
2024-02-24,2024,2,winter,2.4,6.8,-1.0,0.1,10.5,sunny,0
2024-02-25,2024,2,winter,3.2,7.4,-0.9,0.2,25.7,cloudy,0
2024-02-26,2024,2,winter,4.2,6.8,2.0,0.8,32.2,cloudy,0
2024-02-27,2024,2,winter,3.2,7.2,-0.3,0.1,25.3,cloudy,0
2024-02-28,2024,2,winter,6.1,9.7,2.5,1.5,25.8,cloudy,0
2024-02-29,2024,2,winter,7.5,9.6,3.3,5.1,26.1,light_rain,0
2024-03-01,2024,3,spring,2.9,6.3,1.1,9.1,28.8,cloudy,0
2024-03-02,2024,3,spring,2.4,4.6,0.8,6.4,21.9,cloudy,0
2024-03-03,2024,3,spring,2.2,7.1,-2.2,0.0,10.1,sunny,0
2024-03-04,2024,3,spring,3.7,9.8,-1.0,2.0,31.4,sunny,0
2024-03-05,2024,3,spring,5.8,10.1,2.2,0.2,19.9,cloudy,0
2024-03-06,2024,3,spring,4.4,8.6,1.0,0.0,12.3,cloudy,0
2024-03-07,2024,3,spring,4.9,8.9,2.0,0.2,24.6,cloudy,0
2024-03-08,2024,3,spring,4.6,8.4,1.9,0.0,29.4,cloudy,0
2024-03-09,2024,3,spring,6.9,11.6,3.9,1.2,25.4,cloudy,0
2024-03-10,2024,3,spring,6.7,7.8,5.6,13.7,18.5,light_rain,0
2024-03-11,2024,3,spring,6.0,7.8,4.6,1.1,15.5,cloudy,0
2024-03-12,2024,3,spring,8.9,12.9,4.9,7.2,23.8,light_rain,0
2024-03-13,2024,3,spring,10.8,12.4,9.8,0.0,34.8,cloudy,0
2024-03-14,2024,3,spring,10.6,13.9,9.1,1.8,33.0,cloudy,0
2024-03-15,2024,3,spring,10.2,13.3,6.4,1.5,27.1,cloudy,0
2024-03-16,2024,3,spring,7.5,10.0,3.7,1.3,20.6,cloudy,0
2024-03-17,2024,3,spring,10.8,14.4,7.4,15.0,21.7,light_rain,0
2024-03-18,2024,3,spring,9.3,13.4,5.4,0.1,21.5,cloudy,0
2024-03-19,2024,3,spring,11.3,14.8,8.6,0.7,26.8,cloudy,0
2024-03-20,2024,3,spring,10.4,13.6,7.2,5.9,15.1,light_rain,0
2024-03-21,2024,3,spring,8.9,11.6,6.1,0.3,22.2,cloudy,0
2024-03-22,2024,3,spring,8.8,10.6,4.5,0.5,22.1,cloudy,0
2024-03-23,2024,3,spring,5.4,7.9,2.7,1.6,30.4,sunny,0
2024-03-24,2024,3,spring,6.8,10.2,2.5,0.1,30.2,cloudy,0
2024-03-25,2024,3,spring,6.8,9.8,4.2,3.4,22.1,cloudy,0
2024-03-26,2024,3,spring,8.2,12.6,4.6,6.8,15.7,cloudy,0
2024-03-27,2024,3,spring,5.9,8.3,4.0,8.4,33.0,light_rain,0
2024-03-28,2024,3,spring,6.0,8.4,3.2,15.5,38.9,light_rain,0
2024-03-29,2024,3,spring,7.3,11.5,3.5,1.7,30.9,sunny,0
2024-03-30,2024,3,spring,7.8,12.4,3.5,0.3,17.5,cloudy,0
2024-03-31,2024,3,spring,7.0,10.1,3.2,1.1,25.6,cloudy,0
2024-04-01,2024,4,spring,8.3,12.4,6.3,5.3,14.2,light_rain,0
2024-04-02,2024,4,spring,8.1,12.4,3.2,3.0,18.2,cloudy,0
2024-04-03,2024,4,spring,9.9,11.6,8.1,2.2,33.2,cloudy,0
2024-04-04,2024,4,spring,10.0,14.2,7.2,3.8,22.9,light_rain,0
2024-04-05,2024,4,spring,12.5,15.3,10.5,4.6,36.5,light_rain,0
2024-04-06,2024,4,spring,13.8,16.9,10.9,3.2,39.6,cloudy,0
2024-04-07,2024,4,spring,11.0,14.0,8.1,2.1,43.7,light_rain,0
2024-04-08,2024,4,spring,11.2,14.2,9.6,3.8,21.0,cloudy,0
2024-04-09,2024,4,spring,7.5,10.6,4.9,6.1,37.7,light_rain,0
2024-04-10,2024,4,spring,8.3,12.0,4.2,5.5,34.8,cloudy,0
2024-04-11,2024,4,spring,13.7,17.2,11.1,1.0,26.3,cloudy,0
2024-04-12,2024,4,spring,12.9,16.8,9.1,0.0,27.5,cloudy,0
2024-04-13,2024,4,spring,11.0,14.6,7.9,0.2,27.4,cloudy,0
2024-04-14,2024,4,spring,8.0,11.4,4.6,0.0,21.3,cloudy,0
2024-04-15,2024,4,spring,7.3,9.2,5.7,3.5,38.3,light_rain,0
2024-04-16,2024,4,spring,7.6,10.9,4.9,3.8,32.2,sunny,0
2024-04-17,2024,4,spring,6.1,9.1,3.3,0.3,25.7,sunny,0
2024-04-18,2024,4,spring,6.2,10.7,0.0,0.8,23.8,cloudy,0
2024-04-19,2024,4,spring,9.3,12.3,5.9,3.0,27.5,light_rain,0
2024-04-20,2024,4,spring,5.9,10.4,0.9,0.0,17.7,sunny,0
2024-04-21,2024,4,spring,5.8,9.9,1.8,0.0,18.9,cloudy,0
2024-04-22,2024,4,spring,5.4,6.6,4.4,5.1,6.5,light_rain,0
2024-04-23,2024,4,spring,7.2,9.4,5.2,1.2,20.1,cloudy,0
2024-04-24,2024,4,spring,6.4,8.9,2.5,1.2,14.4,cloudy,0
2024-04-25,2024,4,spring,5.3,10.2,0.2,3.5,18.7,cloudy,0
2024-04-26,2024,4,spring,5.4,9.9,-0.5,0.2,14.0,cloudy,0
2024-04-27,2024,4,spring,5.6,7.9,3.0,2.6,18.7,cloudy,0
2024-04-28,2024,4,spring,6.7,11.2,4.0,13.6,22.2,light_rain,0
2024-04-29,2024,4,spring,9.4,13.3,4.7,0.1,36.4,cloudy,0
2024-04-30,2024,4,spring,11.9,16.4,7.8,1.1,30.2,cloudy,0
2024-05-01,2024,5,spring,12.8,16.7,9.6,0.6,14.6,cloudy,0
2024-05-02,2024,5,spring,13.0,18.0,8.6,1.9,25.1,cloudy,0
2024-05-03,2024,5,spring,10.4,12.1,9.0,4.1,19.2,light_rain,0
2024-05-04,2024,5,spring,11.2,15.2,8.5,1.9,16.3,cloudy,0
2024-05-05,2024,5,spring,11.7,17.0,5.2,0.4,14.0,cloudy,0
2024-05-06,2024,5,spring,12.9,17.0,8.8,1.6,15.3,cloudy,0
2024-05-07,2024,5,spring,12.8,16.3,9.3,0.4,11.8,sunny,0
2024-05-08,2024,5,spring,14.2,19.2,8.6,1.1,15.5,cloudy,0
2024-05-09,2024,5,spring,15.1,20.3,9.1,0.0,8.7,cloudy,0
2024-05-10,2024,5,spring,16.6,21.9,11.1,0.0,10.8,cloudy,0
2024-05-11,2024,5,spring,15.8,20.4,9.6,0.0,18.1,cloudy,0
2024-05-12,2024,5,spring,16.7,22.9,11.0,0.1,17.6,cloudy,0
2024-05-13,2024,5,spring,14.3,17.5,11.4,1.1,28.6,cloudy,0
2024-05-14,2024,5,spring,14.2,16.4,12.6,7.2,24.8,light_rain,0
2024-05-15,2024,5,spring,14.7,18.6,11.4,1.4,16.6,cloudy,0
2024-05-16,2024,5,spring,12.5,15.4,8.1,8.5,9.4,cloudy,0
2024-05-17,2024,5,spring,14.8,19.3,9.4,0.5,8.2,cloudy,0
2024-05-18,2024,5,spring,15.0,18.9,11.4,0.9,15.9,cloudy,0
2024-05-19,2024,5,spring,14.6,20.0,9.2,0.0,14.3,sunny,0
2024-05-20,2024,5,spring,12.8,18.0,7.8,0.0,16.7,sunny,0
2024-05-21,2024,5,spring,12.4,15.6,7.8,5.7,11.8,cloudy,0
2024-05-22,2024,5,spring,12.5,13.4,11.4,39.1,22.0,light_rain,0
2024-05-23,2024,5,spring,11.7,14.1,9.9,1.2,28.9,cloudy,0
2024-05-24,2024,5,spring,11.1,13.9,7.7,0.3,12.8,cloudy,0
2024-05-25,2024,5,spring,12.7,17.5,6.2,1.5,17.8,light_rain,0
2024-05-26,2024,5,spring,13.0,17.1,10.6,9.6,19.1,light_rain,0
2024-05-27,2024,5,spring,11.5,15.0,8.6,1.9,21.3,sunny,0
2024-05-28,2024,5,spring,13.0,17.0,8.9,6.9,28.6,light_rain,0
2024-05-29,2024,5,spring,13.5,17.0,10.9,1.1,21.6,sunny,0
2024-05-30,2024,5,spring,12.7,15.5,9.8,3.0,28.3,light_rain,0
2024-05-31,2024,5,spring,12.4,15.1,9.4,0.0,25.0,sunny,0
2024-06-01,2024,6,summer,12.3,15.4,7.6,0.3,21.3,sunny,0
2024-06-02,2024,6,summer,13.7,19.5,7.7,0.0,17.6,sunny,0
2024-06-03,2024,6,summer,14.5,17.8,10.9,0.2,17.1,cloudy,0
2024-06-04,2024,6,summer,13.3,15.9,8.1,3.0,26.5,cloudy,0
2024-06-05,2024,6,summer,9.9,13.5,5.1,0.5,21.6,sunny,0
2024-06-06,2024,6,summer,11.7,14.9,8.7,0.6,17.4,cloudy,0
2024-06-07,2024,6,summer,11.9,16.2,7.2,0.4,25.8,cloudy,0
2024-06-08,2024,6,summer,12.1,15.7,9.1,0.9,22.9,sunny,0
2024-06-09,2024,6,summer,11.3,14.4,7.3,1.2,23.8,sunny,0
2024-06-10,2024,6,summer,10.9,14.1,7.6,6.5,23.7,light_rain,0
2024-06-11,2024,6,summer,10.3,13.4,6.6,0.5,19.9,cloudy,0
2024-06-12,2024,6,summer,11.1,14.3,6.4,0.4,12.6,cloudy,0
2024-06-13,2024,6,summer,10.6,13.8,5.8,1.2,30.0,cloudy,0
2024-06-14,2024,6,summer,13.2,16.2,10.5,2.8,22.5,cloudy,0
2024-06-15,2024,6,summer,11.4,14.9,8.8,12.8,23.1,light_rain,0
2024-06-16,2024,6,summer,13.4,17.4,9.8,3.5,19.7,sunny,0
2024-06-17,2024,6,summer,13.6,18.4,8.7,1.1,16.3,sunny,0
2024-06-18,2024,6,summer,12.6,15.1,8.8,0.6,16.6,cloudy,0
2024-06-19,2024,6,summer,13.4,17.1,9.2,0.1,14.7,cloudy,0
2024-06-20,2024,6,summer,15.6,20.5,10.0,0.0,10.1,cloudy,0
2024-06-21,2024,6,summer,16.0,20.7,10.0,1.4,23.7,sunny,0
2024-06-22,2024,6,summer,16.1,20.3,12.4,0.5,17.2,sunny,0
2024-06-23,2024,6,summer,17.6,22.3,12.2,0.2,12.6,cloudy,0
2024-06-24,2024,6,summer,19.0,23.0,12.4,0.0,10.1,cloudy,0
2024-06-25,2024,6,summer,20.9,26.1,14.4,0.0,11.0,sunny,0
2024-06-26,2024,6,summer,20.5,26.1,13.4,0.0,13.2,sunny,0
2024-06-27,2024,6,summer,17.3,20.6,13.4,0.0,28.3,cloudy,0
2024-06-28,2024,6,summer,15.0,18.2,11.4,0.1,25.2,cloudy,0
2024-06-29,2024,6,summer,15.3,19.6,9.1,0.0,11.3,cloudy,0
2024-06-30,2024,6,summer,13.6,15.8,10.4,1.2,21.1,cloudy,0
2024-07-01,2024,7,summer,13.5,16.5,8.7,1.2,20.2,cloudy,0
2024-07-02,2024,7,summer,14.0,17.0,10.9,0.2,23.2,cloudy,0
2024-07-03,2024,7,summer,14.0,18.1,10.4,3.4,22.6,light_rain,0
2024-07-04,2024,7,summer,13.5,16.8,9.1,0.0,30.0,cloudy,0
2024-07-05,2024,7,summer,14.5,19.1,10.8,2.7,21.8,cloudy,0
2024-07-06,2024,7,summer,11.7,14.6,9.7,8.4,23.7,light_rain,0
2024-07-07,2024,7,summer,12.8,16.1,8.8,6.1,17.9,sunny,0
2024-07-08,2024,7,summer,13.4,18.0,6.7,1.8,13.5,sunny,0
2024-07-09,2024,7,summer,16.2,20.6,12.7,24.6,23.9,light_rain,0
2024-07-10,2024,7,summer,15.9,19.0,14.1,0.1,24.6,cloudy,0
2024-07-11,2024,7,summer,14.3,16.6,12.4,2.6,15.9,cloudy,0
2024-07-12,2024,7,summer,13.0,15.6,11.0,3.4,15.6,cloudy,0
2024-07-13,2024,7,summer,13.5,16.8,10.9,1.9,14.1,cloudy,0
2024-07-14,2024,7,summer,14.8,18.9,9.9,0.5,10.6,sunny,0
2024-07-15,2024,7,summer,14.7,18.1,9.1,7.6,18.7,light_rain,0
2024-07-16,2024,7,summer,15.7,19.0,13.1,2.8,19.4,light_rain,0
2024-07-17,2024,7,summer,16.5,21.2,10.9,0.1,11.6,cloudy,0
2024-07-18,2024,7,summer,18.4,23.4,12.6,0.0,19.8,cloudy,0
2024-07-19,2024,7,summer,20.8,26.2,14.7,0.0,17.4,sunny,0
2024-07-20,2024,7,summer,18.7,21.2,16.3,2.2,20.9,light_rain,0
2024-07-21,2024,7,summer,15.9,18.4,12.4,0.6,17.8,sunny,0
2024-07-22,2024,7,summer,17.3,20.9,13.2,0.3,24.6,cloudy,0
2024-07-23,2024,7,summer,17.5,21.3,12.4,0.0,15.0,cloudy,0
2024-07-24,2024,7,summer,16.6,20.6,13.2,0.5,21.5,cloudy,0
2024-07-25,2024,7,summer,17.8,21.5,14.8,0.3,26.3,cloudy,0
2024-07-26,2024,7,summer,15.8,19.4,12.5,0.3,16.6,sunny,0
2024-07-27,2024,7,summer,14.8,18.6,10.4,0.4,14.3,sunny,0
2024-07-28,2024,7,summer,16.7,22.2,9.4,0.0,13.0,sunny,0
2024-07-29,2024,7,summer,19.1,25.2,11.1,0.0,12.6,sunny,0
2024-07-30,2024,7,summer,19.7,25.4,15.1,0.0,15.6,cloudy,0
2024-07-31,2024,7,summer,20.5,26.0,14.0,0.0,13.0,sunny,0
2024-08-01,2024,8,summer,20.2,24.9,16.5,0.7,12.4,cloudy,0
2024-08-02,2024,8,summer,18.9,24.0,13.2,0.0,22.0,sunny,0
2024-08-03,2024,8,summer,17.1,19.6,13.6,0.6,16.6,cloudy,0
2024-08-04,2024,8,summer,15.7,19.5,11.9,0.0,21.7,cloudy,0
2024-08-05,2024,8,summer,18.5,22.4,14.4,0.3,27.2,cloudy,0
2024-08-06,2024,8,summer,18.0,20.8,14.8,2.6,21.9,cloudy,0
2024-08-07,2024,8,summer,15.7,19.2,11.8,0.0,26.2,cloudy,0
2024-08-08,2024,8,summer,16.7,20.1,12.1,1.8,31.9,cloudy,0
2024-08-09,2024,8,summer,18.4,21.2,15.1,0.0,26.3,cloudy,0
2024-08-10,2024,8,summer,17.3,22.5,13.8,1.2,20.1,cloudy,0
2024-08-11,2024,8,summer,18.6,25.1,10.6,0.0,18.5,sunny,0
2024-08-12,2024,8,summer,21.6,27.6,16.5,3.4,22.9,sunny,0
2024-08-13,2024,8,summer,17.9,22.8,11.8,0.0,20.0,cloudy,0
2024-08-14,2024,8,summer,16.8,19.3,14.4,2.8,12.0,cloudy,0
2024-08-15,2024,8,summer,16.5,22.0,11.8,3.9,36.8,cloudy,0
2024-08-16,2024,8,summer,15.5,21.0,9.1,0.3,12.1,sunny,0
2024-08-17,2024,8,summer,14.4,18.5,8.6,0.3,14.6,sunny,0
2024-08-18,2024,8,summer,15.4,20.0,11.4,0.1,19.1,sunny,0
2024-08-19,2024,8,summer,15.0,19.1,9.9,1.0,33.5,cloudy,0
2024-08-20,2024,8,summer,16.3,18.9,12.8,0.1,25.5,sunny,0
2024-08-21,2024,8,summer,14.3,17.3,10.1,0.3,29.3,cloudy,0
2024-08-22,2024,8,summer,17.0,21.0,14.3,1.5,34.7,cloudy,0
2024-08-23,2024,8,summer,15.9,18.2,13.7,1.7,39.7,cloudy,0
2024-08-24,2024,8,summer,13.9,17.4,11.3,9.7,21.5,light_rain,0
2024-08-25,2024,8,summer,13.1,16.5,9.2,0.3,32.1,sunny,0
2024-08-26,2024,8,summer,15.9,19.6,12.6,0.0,21.7,cloudy,0
2024-08-27,2024,8,summer,17.4,22.0,13.8,0.5,32.2,cloudy,0
2024-08-28,2024,8,summer,17.3,22.0,13.3,1.3,19.1,cloudy,0
2024-08-29,2024,8,summer,14.5,18.5,10.4,0.0,19.1,sunny,0
2024-08-30,2024,8,summer,14.4,19.8,8.3,0.1,13.4,sunny,0
2024-08-31,2024,8,summer,14.4,19.9,9.5,0.0,23.1,cloudy,0
2024-09-01,2024,9,autumn,18.0,23.4,14.1,0.1,17.5,cloudy,0
2024-09-02,2024,9,autumn,18.1,22.0,15.0,7.3,19.6,cloudy,0
2024-09-03,2024,9,autumn,14.9,17.1,12.1,3.2,15.8,cloudy,0
2024-09-04,2024,9,autumn,13.5,16.8,10.9,0.7,14.3,cloudy,0
2024-09-05,2024,9,autumn,14.5,18.0,9.4,0.8,31.9,cloudy,0
2024-09-06,2024,9,autumn,19.0,24.4,15.1,0.0,22.7,sunny,0
2024-09-07,2024,9,autumn,17.2,20.0,14.9,3.5,15.0,cloudy,0
2024-09-08,2024,9,autumn,16.3,19.1,15.2,10.3,17.7,light_rain,0
2024-09-09,2024,9,autumn,13.4,15.4,11.1,1.7,25.3,cloudy,0
2024-09-10,2024,9,autumn,12.4,16.0,9.1,3.5,28.9,cloudy,0
2024-09-11,2024,9,autumn,9.6,12.9,7.1,1.0,27.9,sunny,0
2024-09-12,2024,9,autumn,8.6,11.6,4.7,2.9,20.9,sunny,0
2024-09-13,2024,9,autumn,8.9,14.1,4.0,0.0,10.3,sunny,0
2024-09-14,2024,9,autumn,12.4,17.4,8.1,0.0,20.5,cloudy,0
2024-09-15,2024,9,autumn,13.2,16.8,9.5,4.8,20.6,cloudy,0
2024-09-16,2024,9,autumn,12.9,17.6,9.1,0.0,10.9,cloudy,0
2024-09-17,2024,9,autumn,11.5,17.4,5.5,0.0,14.3,cloudy,0
2024-09-18,2024,9,autumn,13.6,19.0,9.1,0.0,19.3,sunny,0
2024-09-19,2024,9,autumn,14.1,20.0,10.6,0.0,22.7,cloudy,0
2024-09-20,2024,9,autumn,14.5,18.9,11.8,1.6,23.4,cloudy,0
2024-09-21,2024,9,autumn,15.3,20.5,12.7,23.1,22.0,cloudy,0
2024-09-22,2024,9,autumn,14.5,17.0,12.9,23.9,26.6,light_rain,0
2024-09-23,2024,9,autumn,14.1,15.6,13.1,12.4,18.0,light_rain,0
2024-09-24,2024,9,autumn,12.3,14.4,9.1,0.0,19.2,cloudy,0
2024-09-25,2024,9,autumn,11.2,14.4,8.6,6.9,17.3,cloudy,0
2024-09-26,2024,9,autumn,12.0,16.4,9.8,18.9,19.9,light_rain,0
2024-09-27,2024,9,autumn,9.1,11.6,6.6,8.4,30.3,light_rain,0
2024-09-28,2024,9,autumn,8.8,12.6,5.2,0.2,17.3,sunny,0
2024-09-29,2024,9,autumn,9.0,12.8,5.7,6.2,31.5,cloudy,0
2024-09-30,2024,9,autumn,11.3,12.6,9.7,17.3,31.6,light_rain,0
2024-10-01,2024,10,autumn,10.9,12.2,9.2,9.6,26.7,light_rain,0
2024-10-02,2024,10,autumn,11.5,14.1,7.8,0.3,26.9,cloudy,0
2024-10-03,2024,10,autumn,9.7,14.7,5.2,0.0,14.7,sunny,0
2024-10-04,2024,10,autumn,10.0,14.2,5.8,0.0,19.7,cloudy,0
2024-10-05,2024,10,autumn,10.6,15.5,5.8,0.0,23.8,cloudy,0
2024-10-06,2024,10,autumn,11.7,13.0,10.9,8.4,23.2,cloudy,0
2024-10-07,2024,10,autumn,12.6,16.1,10.2,1.3,20.1,cloudy,0
2024-10-08,2024,10,autumn,12.2,15.6,10.6,8.2,19.8,light_rain,0
2024-10-09,2024,10,autumn,11.5,13.7,10.4,2.9,23.2,light_rain,0
2024-10-10,2024,10,autumn,7.6,10.2,2.8,1.7,18.5,sunny,0
2024-10-11,2024,10,autumn,5.5,10.5,1.8,0.0,10.8,sunny,0
2024-10-12,2024,10,autumn,8.6,11.9,6.1,2.7,24.0,cloudy,0
2024-10-13,2024,10,autumn,7.0,10.1,4.2,0.0,21.5,cloudy,0
2024-10-14,2024,10,autumn,8.3,11.2,6.4,2.1,19.5,cloudy,0
2024-10-15,2024,10,autumn,11.3,13.9,7.8,1.2,22.1,cloudy,0
2024-10-16,2024,10,autumn,15.1,17.4,12.9,14.4,23.0,light_rain,0
2024-10-17,2024,10,autumn,13.2,15.4,9.9,1.2,21.1,sunny,0
2024-10-18,2024,10,autumn,11.5,14.4,8.8,0.6,28.4,cloudy,0
2024-10-19,2024,10,autumn,12.6,15.1,9.9,12.0,22.2,cloudy,0
2024-10-20,2024,10,autumn,12.6,15.3,9.6,5.2,36.4,cloudy,0
2024-10-21,2024,10,autumn,11.3,13.1,8.9,0.0,29.1,cloudy,0
2024-10-22,2024,10,autumn,10.8,14.6,8.1,0.2,19.3,sunny,0
2024-10-23,2024,10,autumn,10.6,13.6,8.0,0.1,19.7,cloudy,0
2024-10-24,2024,10,autumn,11.5,15.1,8.6,0.0,27.5,sunny,0
2024-10-25,2024,10,autumn,13.1,15.7,10.3,1.9,21.5,cloudy,0
2024-10-26,2024,10,autumn,10.5,13.9,8.6,0.0,13.9,cloudy,0
2024-10-27,2024,10,autumn,9.2,11.4,4.8,2.5,23.9,sunny,0
2024-10-28,2024,10,autumn,12.8,15.5,9.3,2.0,26.7,cloudy,0
2024-10-29,2024,10,autumn,11.7,13.8,8.1,0.5,13.8,cloudy,0
2024-10-30,2024,10,autumn,9.8,12.1,7.8,0.0,7.8,cloudy,0
2024-10-31,2024,10,autumn,9.2,12.1,7.0,0.0,13.3,sunny,0
2024-11-01,2024,11,autumn,9.4,11.9,6.6,0.0,15.3,cloudy,0
2024-11-02,2024,11,autumn,10.8,12.2,9.1,0.2,12.8,cloudy,0
2024-11-03,2024,11,autumn,10.5,11.4,9.8,0.3,11.6,cloudy,0
2024-11-04,2024,11,autumn,9.6,11.1,8.6,0.0,10.4,cloudy,0
2024-11-05,2024,11,autumn,9.3,12.4,7.4,0.0,8.7,cloudy,0
2024-11-06,2024,11,autumn,10.6,12.8,8.9,0.0,9.8,cloudy,0
2024-11-07,2024,11,autumn,10.1,11.6,9.1,0.0,14.8,cloudy,0
2024-11-08,2024,11,autumn,8.2,9.3,7.1,0.0,12.9,cloudy,0
2024-11-09,2024,11,autumn,6.1,7.4,4.5,0.0,6.3,cloudy,0
2024-11-10,2024,11,autumn,9.4,12.4,5.2,0.3,14.7,cloudy,0
2024-11-11,2024,11,autumn,8.1,11.4,4.7,0.0,16.3,cloudy,0
2024-11-12,2024,11,autumn,6.3,9.4,4.3,0.1,18.5,cloudy,0
2024-11-13,2024,11,autumn,6.6,9.7,4.2,0.0,11.9,cloudy,0
2024-11-14,2024,11,autumn,9.4,11.3,5.9,0.0,11.1,cloudy,0
2024-11-15,2024,11,autumn,5.8,7.8,3.8,0.0,12.3,cloudy,0
2024-11-16,2024,11,autumn,8.4,11.8,5.8,1.1,17.2,cloudy,0
2024-11-17,2024,11,autumn,6.5,8.4,5.1,1.6,14.8,cloudy,0
2024-11-18,2024,11,autumn,4.8,5.9,3.3,8.4,18.1,cloudy,0
2024-11-19,2024,11,autumn,0.6,2.2,-0.1,11.7,21.0,cloudy,0
2024-11-20,2024,11,autumn,0.6,3.5,-0.9,0.0,17.0,sunny,0
2024-11-21,2024,11,autumn,0.3,3.0,-1.4,0.0,16.4,cloudy,0
2024-11-22,2024,11,autumn,2.1,4.6,0.6,0.3,24.2,cloudy,0
2024-11-23,2024,11,autumn,7.7,13.9,0.4,13.2,37.2,light_rain,0
2024-11-24,2024,11,autumn,12.5,14.4,9.2,24.5,40.4,light_rain,0
2024-11-25,2024,11,autumn,7.8,9.2,5.1,0.0,23.9,sunny,0
2024-11-26,2024,11,autumn,4.6,7.5,2.9,0.0,16.4,sunny,0
2024-11-27,2024,11,autumn,3.6,5.4,1.1,7.5,19.1,sunny,0
2024-11-28,2024,11,autumn,0.7,3.2,-2.0,0.0,15.7,cloudy,0
2024-11-29,2024,11,autumn,5.6,8.2,2.6,0.8,20.3,cloudy,0
2024-11-30,2024,11,autumn,11.3,12.9,8.6,0.1,18.8,cloudy,0
2024-12-01,2024,12,winter,11.1,13.0,9.8,4.8,20.5,cloudy,0
2024-12-02,2024,12,winter,7.5,9.2,5.7,1.0,19.1,cloudy,0
2024-12-03,2024,12,winter,4.1,5.6,2.7,0.1,9.4,cloudy,0
2024-12-04,2024,12,winter,5.6,9.0,2.5,1.4,26.9,cloudy,0
2024-12-05,2024,12,winter,10.4,11.8,7.3,7.3,31.4,light_rain,0
2024-12-06,2024,12,winter,6.6,9.8,5.1,2.2,30.3,sunny,0
2024-12-07,2024,12,winter,6.4,11.1,4.9,13.7,42.9,light_rain,0
2024-12-08,2024,12,winter,5.7,6.3,5.2,4.3,31.3,light_rain,0
2024-12-09,2024,12,winter,6.1,6.6,5.7,0.7,22.5,cloudy,0
2024-12-10,2024,12,winter,5.2,5.9,4.3,0.0,19.3,cloudy,0
2024-12-11,2024,12,winter,4.4,5.6,3.8,0.0,13.1,cloudy,0
2024-12-12,2024,12,winter,5.1,6.2,3.8,1.0,10.4,cloudy,0
2024-12-13,2024,12,winter,5.0,6.2,4.2,0.2,9.4,cloudy,0
2024-12-14,2024,12,winter,5.2,6.8,3.7,0.7,18.0,cloudy,0
2024-12-15,2024,12,winter,9.8,11.4,7.0,0.0,21.3,cloudy,0
2024-12-16,2024,12,winter,9.3,10.4,7.2,0.1,18.7,cloudy,0
2024-12-17,2024,12,winter,7.8,9.6,5.9,0.9,27.5,cloudy,0
2024-12-18,2024,12,winter,11.1,12.6,8.4,12.5,34.2,cloudy,0
2024-12-19,2024,12,winter,4.6,7.2,3.5,3.0,24.0,sunny,0
2024-12-20,2024,12,winter,4.8,7.5,2.7,0.7,22.0,cloudy,0
2024-12-21,2024,12,winter,7.5,11.8,4.6,0.5,27.5,cloudy,0
2024-12-22,2024,12,winter,4.2,5.4,2.5,4.0,33.8,sunny,0
2024-12-23,2024,12,winter,5.0,8.2,3.2,0.2,26.3,cloudy,0
2024-12-24,2024,12,winter,10.4,11.4,9.1,0.0,14.0,cloudy,0
2024-12-25,2024,12,winter,9.0,10.1,8.0,0.0,13.2,cloudy,0
2024-12-26,2024,12,winter,6.6,8.1,5.4,0.1,9.2,cloudy,0
2024-12-27,2024,12,winter,3.8,5.4,3.3,0.0,5.3,cloudy,0
2024-12-28,2024,12,winter,3.3,5.3,1.5,0.0,10.1,cloudy,0
2024-12-29,2024,12,winter,6.3,8.1,4.2,0.0,15.5,cloudy,0
2024-12-30,2024,12,winter,7.3,9.0,5.8,0.0,21.2,cloudy,0
2024-12-31,2024,12,winter,8.7,10.1,7.3,1.5,31.4,cloudy,0
