stop,day_type,hour,dwell_s
43000201704,weekday,0,47.0
43000201704,weekday,6,27.0
43000201704,weekday,7,58.0
43000201704,weekday,8,58.0
43000201704,weekday,9,58.5
43000201704,weekday,10,59.0
43000201704,weekday,11,32.0
43000201704,weekday,12,61.5
43000201704,weekday,13,59.5
43000201704,weekday,14,63.5
43000201704,weekday,15,61.5
43000201704,weekday,16,90.0
43000201704,weekday,17,79.0
43000201704,weekday,18,59.0
43000201704,weekday,19,70.0
43000201704,weekday,20,59.0
43000201704,weekday,21,59.5
43000201704,weekday,22,61.0
43000201704,weekday,23,46.5
43000201704,weekend,0,61.0
43000201704,weekend,8,70.0
43000201704,weekend,9,29.0
43000201704,weekend,10,58.0
43000201704,weekend,11,59.0
43000201704,weekend,12,48.0
43000201704,weekend,13,89.0
43000201704,weekend,14,56.0
43000201704,weekend,15,56.0
43000201704,weekend,16,58.0
43000201704,weekend,17,80.0
43000201704,weekend,18,58.5
43000201704,weekend,19,111.0
43000201704,weekend,20,64.0
43000201704,weekend,21,85.0
43000201704,weekend,22,133.5
43000201704,weekend,23,58.0
43000202603,weekday,6,26.0
43000202603,weekday,7,27.0
43000202603,weekday,8,31.0
43000202603,weekday,9,32.0
43000202603,weekday,10,26.5
43000202603,weekday,11,32.0
43000202603,weekday,12,27.0
43000202603,weekday,13,32.0
43000202603,weekday,14,32.0
43000202603,weekday,15,29.0
43000202603,weekday,16,28.0
43000202603,weekday,17,32.0
43000202603,weekday,18,27.0
43000202603,weekday,19,32.0
43000202603,weekday,20,90.0
43000202603,weekday,21,32.0
43000202603,weekday,22,32.0
43000202603,weekday,23,38.0
43000202603,weekend,9,28.0
43000202603,weekend,10,47.0
43000202603,weekend,11,32.0
43000202603,weekend,12,26.0
43000202603,weekend,13,29.5
43000202603,weekend,14,21.0
43000202603,weekend,15,40.0
43000202603,weekend,16,32.0
43000202603,weekend,17,50.5
43000202603,weekend,18,29.5
43000202603,weekend,19,28.0
43000202603,weekend,22,32.0
43000203902,weekday,0,92.5
43000203902,weekday,5,298.0
43000203902,weekday,6,162.0
43000203902,weekday,7,159.0
43000203902,weekday,8,169.5
43000203902,weekday,9,159.5
43000203902,weekday,10,149.0
43000203902,weekday,11,174.0
43000203902,weekday,12,163.0
43000203902,weekday,13,90.0
43000203902,weekday,14,146.5
43000203902,weekday,15,106.5
43000203902,weekday,16,174.0
43000203902,weekday,17,137.0
43000203902,weekday,18,160.0
43000203902,weekday,19,93.0
43000203902,weekday,20,138.0
43000203902,weekday,21,77.0
43000203902,weekday,22,157.0
43000203902,weekday,23,116.5
43000203902,weekend,0,60.5
43000203902,weekend,8,91.0
43000203902,weekend,9,119.5
43000203902,weekend,10,165.0
43000203902,weekend,11,186.0
43000203902,weekend,12,164.0
43000203902,weekend,13,128.0
43000203902,weekend,14,164.0
43000203902,weekend,15,118.0
43000203902,weekend,16,163.0
43000203902,weekend,17,182.0
43000203902,weekend,18,168.0
43000203902,weekend,19,175.0
43000203902,weekend,20,126.0
43000203902,weekend,21,56.5
43000203902,weekend,22,121.5
43000203902,weekend,23,247.0
43000205201,weekday,7,95.0
43000205201,weekday,8,34.5
43000205201,weekday,9,27.0
43000205201,weekday,10,43.0
43000205201,weekday,11,29.5
43000205201,weekday,12,37.0
43000205201,weekday,13,31.0
43000205201,weekday,14,46.0
43000205201,weekday,15,27.0
43000205201,weekday,16,53.0
43000205201,weekday,17,31.5
43000205201,weekday,18,32.0
43000205201,weekday,19,32.0
43000205201,weekday,20,28.0
43000205201,weekday,22,31.0
43000205201,weekend,9,33.0
43000205201,weekend,10,27.0
43000205201,weekend,12,38.0
43000205201,weekend,13,29.0
43000205201,weekend,14,31.0
43000205201,weekend,15,27.0
43000205201,weekend,16,32.0
43000205201,weekend,17,34.5
43000205201,weekend,19,35.5
43000205201,weekend,20,29.0
43000205201,weekend,21,32.0
43000205201,weekend,22,32.0
43000205201,weekend,23,27.0
43000205207,weekday,0,21.0
43000205207,weekday,7,31.0
43000205207,weekday,8,45.0
43000205207,weekday,9,48.0
43000205207,weekday,10,32.0
43000205207,weekday,11,29.5
43000205207,weekday,12,32.0
43000205207,weekday,13,28.5
43000205207,weekday,14,29.0
43000205207,weekday,15,32.0
43000205207,weekday,16,32.0
43000205207,weekday,17,37.0
43000205207,weekday,18,31.0
43000205207,weekday,19,27.5
43000205207,weekday,20,27.0
43000205207,weekday,21,33.0
43000205207,weekday,22,26.0
43000205207,weekday,23,56.0
43000205207,weekend,0,32.0
43000205207,weekend,11,32.0
43000205207,weekend,12,38.0
43000205207,weekend,13,38.0
43000205207,weekend,14,44.0
43000205207,weekend,15,48.0
43000205207,weekend,16,26.0
43000205207,weekend,17,31.5
43000205207,weekend,18,27.0
43000205207,weekend,20,42.0
43000205207,weekend,21,27.0
43000205207,weekend,22,31.0
43000205207,weekend,23,22.0
43000205601,weekday,8,64.0
43000205601,weekday,9,27.0
43000205601,weekday,12,27.0
43000205601,weekday,13,32.0
43000205601,weekday,14,32.0
43000205601,weekday,16,32.0
43000205601,weekday,17,24.5
43000205601,weekday,18,31.0
43000205601,weekday,19,38.0
43000205601,weekday,22,26.0
43000205601,weekday,23,20.0
43000205601,weekend,13,21.0
43000205601,weekend,16,32.0
43000205601,weekend,17,29.0
43000205601,weekend,18,21.0
43000205601,weekend,20,24.0
43000205601,weekend,22,26.0
43000205601,weekend,23,21.0
43000206202,weekday,0,31.5
43000206202,weekday,5,54.0
43000206202,weekday,6,208.0
43000206202,weekday,7,185.0
43000206202,weekday,8,112.5
43000206202,weekday,9,176.0
43000206202,weekday,10,146.0
43000206202,weekday,11,185.0
43000206202,weekday,12,175.0
43000206202,weekday,13,154.0
43000206202,weekday,14,148.5
43000206202,weekday,15,158.0
43000206202,weekday,16,158.0
43000206202,weekday,17,124.5
43000206202,weekday,18,150.0
43000206202,weekday,19,124.0
43000206202,weekday,20,137.0
43000206202,weekday,21,139.0
43000206202,weekday,22,92.0
43000206202,weekday,23,117.0
43000206202,weekend,0,152.0
43000206202,weekend,9,103.0
43000206202,weekend,10,172.0
43000206202,weekend,11,178.0
43000206202,weekend,12,174.5
43000206202,weekend,13,129.0
43000206202,weekend,14,134.5
43000206202,weekend,15,178.0
43000206202,weekend,16,167.5
43000206202,weekend,17,202.0
43000206202,weekend,18,186.0
43000206202,weekend,19,229.0
43000206202,weekend,20,159.0
43000206202,weekend,21,121.5
43000206202,weekend,22,173.0
43000206202,weekend,23,97.5
43000207102,weekday,7,145.0
43000207102,weekday,8,27.0
43000207102,weekday,9,27.0
43000207102,weekday,10,27.0
43000207102,weekday,11,32.5
43000207102,weekday,12,32.0
43000207102,weekday,14,63.0
43000207102,weekday,15,32.0
43000207102,weekday,17,32.0
43000207102,weekday,18,33.0
43000207102,weekday,19,32.0
43000207102,weekday,20,21.0
43000207102,weekday,22,85.0
43000207102,weekday,23,21.0
43000207102,weekend,15,65.0
43000207102,weekend,17,148.0
43000207102,weekend,19,40.5
43000207202,weekday,5,32.0
43000207202,weekday,6,42.0
43000207202,weekday,7,43.0
43000207202,weekday,8,61.0
43000207202,weekday,9,74.0
43000207202,weekday,10,60.0
43000207202,weekday,11,87.5
43000207202,weekday,12,56.0
43000207202,weekday,13,89.0
43000207202,weekday,14,94.0
43000207202,weekday,15,150.0
43000207202,weekday,16,85.0
43000207202,weekday,17,113.5
43000207202,weekday,18,155.0
43000207202,weekday,19,162.0
43000207202,weekday,20,71.5
43000207202,weekday,21,165.0
43000207202,weekday,22,85.0
43000207202,weekday,23,167.0
43000207202,weekend,9,141.0
43000207202,weekend,10,90.0
43000207202,weekend,11,72.0
43000207202,weekend,12,28.0
43000207202,weekend,13,89.0
43000207202,weekend,14,63.0
43000207202,weekend,15,32.0
43000207202,weekend,16,90.0
43000207202,weekend,17,27.0
43000207202,weekend,18,150.0
43000207202,weekend,19,58.0
43000207202,weekend,20,63.0
43000207202,weekend,21,182.0
43000207202,weekend,22,165.0
43000207202,weekend,23,171.0
43000212301,weekday,6,21.0
43000212301,weekday,9,29.5
43000212301,weekday,10,27.0
43000212301,weekday,11,29.0
43000212301,weekday,12,27.0
43000212301,weekday,13,27.0
43000212301,weekday,14,27.0
43000212301,weekday,15,26.0
43000212301,weekday,16,16.0
43000212301,weekday,17,106.0
43000212301,weekday,18,29.0
43000212301,weekday,19,23.5
43000212301,weekday,20,27.0
43000212301,weekend,11,31.0
43000212301,weekend,13,21.0
43000212301,weekend,14,21.0
43000212301,weekend,15,27.0
43000212301,weekend,17,27.0
43000212301,weekend,18,31.0
43000212301,weekend,19,22.0
43000212302,weekday,7,27.0
43000212302,weekday,8,26.0
43000212302,weekday,9,29.0
43000212302,weekday,10,27.0
43000212302,weekday,11,26.0
43000212302,weekday,12,33.0
43000212302,weekday,13,28.0
43000212302,weekday,14,32.0
43000212302,weekday,15,27.0
43000212302,weekday,16,32.5
43000212302,weekday,17,32.0
43000212302,weekday,18,31.5
43000212302,weekday,19,32.0
43000212302,weekday,20,26.0
43000212302,weekday,21,54.0
43000212302,weekday,23,32.0
43000212302,weekend,10,22.0
43000212302,weekend,11,42.5
43000212302,weekend,12,31.0
43000212302,weekend,13,40.5
43000212302,weekend,14,42.5
43000212302,weekend,15,28.5
43000212302,weekend,16,27.0
43000212302,weekend,17,27.0
43000212302,weekend,18,41.0
43000212302,weekend,19,25.0
43000212302,weekend,20,32.0
43000212302,weekend,21,60.0
43000213501,weekday,5,95.0
43000213501,weekday,6,32.0
43000213501,weekday,7,31.0
43000213501,weekday,8,33.0
43000213501,weekday,9,28.0
43000213501,weekday,10,32.0
43000213501,weekday,11,27.0
43000213501,weekday,12,32.0
43000213501,weekday,13,27.0
43000213501,weekday,14,33.0
43000213501,weekday,15,32.0
43000213501,weekday,16,32.0
43000213501,weekday,17,26.0
43000213501,weekday,18,27.0
43000213501,weekday,19,34.5
43000213501,weekday,20,26.5
43000213501,weekday,21,32.0
43000213501,weekday,22,31.0
43000213501,weekday,23,16.0
43000213501,weekend,11,45.5
43000213501,weekend,12,26.5
43000213501,weekend,13,34.5
43000213501,weekend,14,27.0
43000213501,weekend,15,42.5
43000213501,weekend,16,27.0
43000213501,weekend,17,46.0
43000213501,weekend,18,26.0
43000213501,weekend,19,63.0
43000213501,weekend,22,25.0
43000213502,weekday,7,32.0
43000213502,weekday,8,32.0
43000213502,weekday,9,21.0
43000213502,weekday,10,26.5
43000213502,weekday,11,32.0
43000213502,weekday,12,18.0
43000213502,weekday,13,24.5
43000213502,weekday,14,21.0
43000213502,weekday,15,27.0
43000213502,weekday,16,30.0
43000213502,weekday,17,21.5
43000213502,weekday,20,32.0
43000213502,weekday,22,26.0
43000213502,weekend,9,13.0
43000213502,weekend,10,32.0
43000213502,weekend,13,31.0
43000213502,weekend,14,33.0
43000213502,weekend,15,26.0
43000213502,weekend,17,33.0
43000213502,weekend,19,27.0
43000213502,weekend,22,106.5
43000213601,weekday,5,21.0
43000213601,weekday,6,32.0
43000213601,weekday,7,30.0
43000213601,weekday,8,35.0
43000213601,weekday,9,32.0
43000213601,weekday,10,30.0
43000213601,weekday,11,31.0
43000213601,weekday,12,23.5
43000213601,weekday,13,26.5
43000213601,weekday,14,32.0
43000213601,weekday,15,59.0
43000213601,weekday,16,89.0
43000213601,weekday,17,53.0
43000213601,weekday,18,90.0
43000213601,weekday,19,31.0
43000213601,weekday,20,59.0
43000213601,weekday,21,32.5
43000213601,weekday,22,32.0
43000213601,weekend,0,32.0
43000213601,weekend,9,30.0
43000213601,weekend,10,49.0
43000213601,weekend,11,26.5
43000213601,weekend,12,85.0
43000213601,weekend,13,58.0
43000213601,weekend,14,26.5
43000213601,weekend,15,27.0
43000213601,weekend,16,27.0
43000213601,weekend,17,64.0
43000213601,weekend,18,81.0
43000213601,weekend,19,95.0
43000213601,weekend,21,26.5
43000213601,weekend,23,22.0
43000213602,weekday,7,33.0
43000213602,weekday,8,21.0
43000213602,weekday,9,27.0
43000213602,weekday,10,21.0
43000213602,weekday,11,27.5
43000213602,weekday,12,45.0
43000213602,weekday,13,32.0
43000213602,weekday,14,32.0
43000213602,weekday,15,34.5
43000213602,weekday,16,46.0
43000213602,weekday,17,27.0
43000213602,weekday,18,32.0
43000213602,weekday,19,23.5
43000213602,weekday,20,27.0
43000213602,weekend,8,33.0
43000213602,weekend,10,26.0
43000213602,weekend,11,24.0
43000213602,weekend,12,22.0
43000213602,weekend,14,26.0
43000213602,weekend,15,27.0
43000213602,weekend,16,29.5
43000213602,weekend,18,11.0
43000213602,weekend,21,27.0
43000213602,weekend,22,22.0
43000213701,weekday,8,32.0
43000213701,weekday,9,32.5
43000213701,weekday,13,32.0
43000213701,weekday,14,47.5
43000213701,weekday,15,31.0
43000213701,weekday,16,59.0
43000213701,weekday,17,27.0
43000213701,weekday,18,45.5
43000213701,weekday,19,31.5
43000213701,weekday,23,33.0
43000213701,weekend,9,28.0
43000213701,weekend,12,26.0
43000213701,weekend,13,26.0
43000213701,weekend,19,31.0
43000213701,weekend,21,31.0
43000213702,weekday,7,27.0
43000213702,weekday,8,32.0
43000213702,weekday,9,21.0
43000213702,weekday,10,32.0
43000213702,weekday,12,31.0
43000213702,weekday,13,86.0
43000213702,weekday,14,32.0
43000213702,weekday,16,32.0
43000213702,weekday,18,27.0
43000213702,weekday,19,27.0
43000213702,weekend,9,32.0
43000213702,weekend,13,32.0
43000213702,weekend,15,32.0
43000213702,weekend,16,21.0
43000213702,weekend,18,19.0
43000213702,weekend,22,28.0
43000214101,weekday,7,27.0
43000214101,weekday,8,29.5
43000214101,weekday,9,27.5
43000214101,weekday,10,23.0
43000214101,weekday,11,32.0
43000214101,weekday,12,31.5
43000214101,weekday,14,40.0
43000214101,weekday,15,32.0
43000214101,weekday,16,26.0
43000214101,weekday,17,26.0
43000214101,weekday,18,26.5
43000214101,weekday,19,26.0
43000214101,weekday,21,27.5
43000214101,weekend,10,26.0
43000214101,weekend,12,26.0
43000214101,weekend,13,32.0
43000214101,weekend,15,27.0
43000214101,weekend,17,29.0
43000214101,weekend,18,119.5
43000214101,weekend,19,56.5
43000214101,weekend,23,32.0
43000214102,weekday,8,33.5
43000214102,weekday,11,27.0
43000214102,weekday,12,31.0
43000214102,weekday,13,26.0
43000214102,weekday,16,24.0
43000214102,weekday,17,44.5
43000214102,weekday,18,25.0
43000214102,weekend,11,31.0
43000214102,weekend,13,26.0
43000214102,weekend,15,95.0
43000214102,weekend,19,53.0
43000214102,weekend,22,32.0
43000214201,weekday,7,31.5
43000214201,weekday,8,39.0
43000214201,weekday,9,26.5
43000214201,weekday,10,29.5
43000214201,weekday,11,29.5
43000214201,weekday,12,32.0
43000214201,weekday,13,30.0
43000214201,weekday,14,29.5
43000214201,weekday,15,31.0
43000214201,weekday,16,27.0
43000214201,weekday,17,34.0
43000214201,weekday,18,34.0
43000214201,weekday,19,35.0
43000214201,weekday,20,44.0
43000214201,weekday,21,27.0
43000214201,weekday,22,42.0
43000214201,weekday,23,32.0
43000214201,weekend,10,10.0
43000214201,weekend,11,35.0
43000214201,weekend,14,27.5
43000214201,weekend,15,32.5
43000214201,weekend,16,32.0
43000214201,weekend,17,27.0
43000214201,weekend,18,33.0
43000214201,weekend,19,29.0
43000214201,weekend,20,39.5
43000214201,weekend,21,37.0
43000214201,weekend,23,37.0
43000214202,weekday,7,32.0
43000214202,weekday,8,32.5
43000214202,weekday,9,27.0
43000214202,weekday,10,31.0
43000214202,weekday,11,28.5
43000214202,weekday,12,26.0
43000214202,weekday,13,47.5
43000214202,weekday,14,27.0
43000214202,weekday,15,41.5
43000214202,weekday,16,32.0
43000214202,weekday,17,27.0
43000214202,weekday,18,32.0
43000214202,weekday,19,26.0
43000214202,weekday,20,22.0
43000214202,weekend,11,33.0
43000214202,weekend,13,35.0
43000214202,weekend,14,27.0
43000214202,weekend,15,29.0
43000214202,weekend,16,27.0
43000214202,weekend,19,28.0
43000214202,weekend,20,31.0
43000214301,weekday,9,31.0
43000214301,weekday,10,27.0
43000214301,weekday,11,32.0
43000214301,weekday,14,47.5
43000214301,weekday,15,22.0
43000214301,weekday,16,32.0
43000214301,weekday,17,43.5
43000214301,weekend,14,21.0
43000214301,weekend,16,27.0
43000214301,weekend,17,22.0
43000214302,weekday,6,31.0
43000214302,weekday,7,32.0
43000214302,weekday,9,16.0
43000214302,weekday,10,33.0
43000214302,weekday,11,32.0
43000214302,weekday,12,31.0
43000214302,weekday,13,26.0
43000214302,weekday,14,29.5
43000214302,weekday,15,36.5
43000214302,weekday,16,23.5
43000214302,weekday,17,30.5
43000214302,weekday,18,26.0
43000214302,weekday,22,27.0
43000214302,weekend,9,22.0
43000214302,weekend,10,27.0
43000214302,weekend,12,27.0
43000214302,weekend,14,30.0
43000214302,weekend,16,22.0
43000214302,weekend,17,29.0
43000214302,weekend,23,21.0
43000215301,weekday,6,31.0
43000215301,weekday,7,37.0
43000215301,weekday,8,32.0
43000215301,weekday,9,34.0
43000215301,weekday,12,91.0
43000215301,weekday,13,32.0
43000215301,weekday,14,32.0
43000215301,weekday,15,32.0
43000215301,weekday,16,31.0
43000215301,weekday,17,28.5
43000215301,weekday,18,31.0
43000215301,weekday,19,32.0
43000215301,weekday,20,26.5
43000215301,weekday,21,29.0
43000215301,weekday,22,33.0
43000215301,weekday,23,21.0
43000215301,weekend,9,31.0
43000215301,weekend,11,26.0
43000215301,weekend,12,10.0
43000215301,weekend,14,21.0
43000215301,weekend,15,47.5
43000215301,weekend,16,59.0
43000215301,weekend,17,86.0
43000215301,weekend,18,58.0
43000215301,weekend,19,29.5
43000215301,weekend,20,32.0
43000215301,weekend,21,27.0
43000215301,weekend,22,27.0
43000215303,weekday,6,21.0
43000215303,weekday,7,32.5
43000215303,weekday,8,31.0
43000215303,weekday,9,32.0
43000215303,weekday,10,32.0
43000215303,weekday,11,32.0
43000215303,weekday,12,31.5
43000215303,weekday,13,32.0
43000215303,weekday,14,33.0
43000215303,weekday,15,58.0
43000215303,weekday,16,32.0
43000215303,weekday,17,32.0
43000215303,weekday,18,59.0
43000215303,weekday,19,35.0
43000215303,weekday,20,31.0
43000215303,weekday,21,46.0
43000215303,weekday,22,32.0
43000215303,weekday,23,32.0
43000215303,weekend,0,53.5
43000215303,weekend,9,54.0
43000215303,weekend,10,47.5
43000215303,weekend,11,29.0
43000215303,weekend,12,72.0
43000215303,weekend,13,37.0
43000215303,weekend,14,32.0
43000215303,weekend,15,47.5
43000215303,weekend,16,91.0
43000215303,weekend,17,33.0
43000215303,weekend,18,29.0
43000215303,weekend,19,32.0
43000215303,weekend,20,36.0
43000215303,weekend,21,32.0
43000215303,weekend,22,27.0
43000215303,weekend,23,31.0
43000215502,weekday,10,27.0
43000215502,weekday,11,21.0
43000215502,weekday,12,27.0
43000215502,weekday,13,21.0
43000215502,weekday,14,27.0
43000215502,weekday,16,29.0
43000215502,weekday,17,21.0
43000215502,weekday,18,26.0
43000215502,weekday,19,39.0
43000215502,weekday,22,26.0
43000215502,weekend,15,32.0
43000215502,weekend,16,78.0
43000215502,weekend,20,22.0
43000215502,weekend,21,26.5
43000215602,weekday,6,32.0
43000215602,weekday,7,32.0
43000215602,weekday,8,45.0
43000215602,weekday,9,32.0
43000215602,weekday,10,21.0
43000215602,weekday,11,28.0
43000215602,weekday,12,32.0
43000215602,weekday,13,29.5
43000215602,weekday,14,27.0
43000215602,weekday,15,15.0
43000215602,weekday,16,32.0
43000215602,weekday,17,32.0
43000215602,weekday,19,29.0
43000215602,weekday,20,26.0
43000215602,weekday,22,22.0
43000215602,weekday,23,57.0
43000215602,weekend,0,117.0
43000215602,weekend,11,39.5
43000215602,weekend,12,32.0
43000215602,weekend,13,29.0
43000215602,weekend,14,28.0
43000215602,weekend,19,29.0
43000215602,weekend,20,26.0
43000215602,weekend,21,21.0
43000215602,weekend,22,31.5
43000215602,weekend,23,89.5
43000215701,weekday,8,26.0
43000215701,weekday,9,27.0
43000215701,weekday,10,23.5
43000215701,weekday,11,28.5
43000215701,weekday,12,26.0
43000215701,weekday,13,31.5
43000215701,weekday,14,32.0
43000215701,weekday,15,31.0
43000215701,weekday,16,26.0
43000215701,weekday,17,26.0
43000215701,weekday,18,32.0
43000215701,weekday,19,26.0
43000215701,weekday,20,31.0
43000215701,weekday,21,32.0
43000215701,weekday,22,54.0
43000215701,weekend,12,27.0
43000215701,weekend,15,37.0
43000215701,weekend,17,29.5
43000215701,weekend,18,22.0
43000215701,weekend,21,29.0
43000215702,weekday,8,22.0
43000215702,weekday,10,22.0
43000215702,weekday,12,44.5
43000215702,weekday,13,26.0
43000215702,weekday,14,45.0
43000215702,weekday,15,32.0
43000215702,weekday,16,37.0
43000215702,weekday,18,27.0
43000215702,weekday,19,38.0
43000215702,weekend,10,21.0
43000215702,weekend,12,27.0
43000215702,weekend,14,59.0
43000215702,weekend,15,144.0
43000215702,weekend,17,62.0
43000215702,weekend,20,26.0
43000215702,weekend,22,100.0
43000216101,weekday,7,64.0
43000216101,weekday,8,31.5
43000216101,weekday,9,30.5
43000216101,weekday,10,31.0
43000216101,weekday,11,32.0
43000216101,weekday,12,27.0
43000216101,weekday,13,29.5
43000216101,weekday,14,28.0
43000216101,weekday,15,31.0
43000216101,weekday,16,31.0
43000216101,weekday,17,29.0
43000216101,weekday,18,24.0
43000216101,weekday,19,32.0
43000216101,weekday,20,32.0
43000216101,weekday,21,32.0
43000216101,weekday,22,30.5
43000216101,weekday,23,53.5
43000216101,weekend,9,31.0
43000216101,weekend,10,22.0
43000216101,weekend,11,27.0
43000216101,weekend,12,24.5
43000216101,weekend,13,31.5
43000216101,weekend,14,29.5
43000216101,weekend,15,26.0
43000216101,weekend,16,32.0
43000216101,weekend,17,23.5
43000216101,weekend,18,24.0
43000216101,weekend,19,32.0
43000216101,weekend,22,26.0
43000216103,weekday,7,27.5
43000216103,weekday,8,29.5
43000216103,weekday,9,27.0
43000216103,weekday,10,29.0
43000216103,weekday,11,32.5
43000216103,weekday,12,32.0
43000216103,weekday,13,32.0
43000216103,weekday,14,32.5
43000216103,weekday,15,32.0
43000216103,weekday,16,37.0
43000216103,weekday,17,45.0
43000216103,weekday,18,27.0
43000216103,weekday,19,31.0
43000216103,weekday,20,21.0
43000216103,weekday,21,27.0
43000216103,weekday,22,29.0
43000216103,weekend,9,15.0
43000216103,weekend,10,15.0
43000216103,weekend,11,22.0
43000216103,weekend,12,32.0
43000216103,weekend,13,28.5
43000216103,weekend,14,29.0
43000216103,weekend,15,27.0
43000216103,weekend,16,64.0
43000216103,weekend,17,26.5
43000216103,weekend,18,38.5
43000216103,weekend,21,37.0
43000216103,weekend,22,29.0
43000217601,weekday,5,28.0
43000217601,weekday,6,21.5
43000217601,weekday,7,26.0
43000217601,weekday,8,22.0
43000217601,weekday,9,26.5
43000217601,weekday,10,27.0
43000217601,weekday,11,31.0
43000217601,weekday,12,26.5
43000217601,weekday,13,31.5
43000217601,weekday,14,31.0
43000217601,weekday,15,26.0
43000217601,weekday,16,29.5
43000217601,weekday,17,27.0
43000217601,weekday,18,31.5
43000217601,weekday,19,32.0
43000217601,weekday,20,27.0
43000217601,weekend,9,39.0
43000217601,weekend,11,33.0
43000217601,weekend,12,32.0
43000217601,weekend,13,21.0
43000217601,weekend,14,21.0
43000217601,weekend,15,32.0
43000217601,weekend,18,22.0
43000217601,weekend,20,26.0
43000217602,weekday,7,22.5
43000217602,weekday,8,32.0
43000217602,weekday,9,32.5
43000217602,weekday,10,27.0
43000217602,weekday,11,32.0
43000217602,weekday,12,42.0
43000217602,weekday,13,23.5
43000217602,weekday,14,22.0
43000217602,weekday,15,21.0
43000217602,weekday,16,31.0
43000217602,weekday,17,31.0
43000217602,weekday,18,27.0
43000217602,weekday,19,32.0
43000217602,weekday,21,26.0
43000217602,weekday,22,32.0
43000217602,weekend,10,55.0
43000217602,weekend,11,27.0
43000217602,weekend,12,32.0
43000217602,weekend,13,27.0
43000217602,weekend,15,32.0
43000217602,weekend,16,21.0
43000217602,weekend,18,26.5
43000217602,weekend,19,27.0
43000217602,weekend,20,16.0
43000217602,weekend,21,27.0
43000253502,weekday,7,32.5
43000253502,weekday,8,26.0
43000253502,weekday,9,26.0
43000253502,weekday,11,26.0
43000253502,weekday,13,32.0
43000253502,weekday,14,32.0
43000253502,weekday,15,27.0
43000253502,weekday,16,32.0
43000253502,weekday,17,32.0
43000253502,weekday,18,31.5
43000253502,weekday,19,26.5
43000253502,weekday,21,26.5
43000253502,weekday,22,27.0
43000253502,weekday,23,22.0
43000253502,weekend,12,29.5
43000253502,weekend,13,32.0
43000253502,weekend,15,26.0
43000253502,weekend,16,26.0
43000253502,weekend,18,26.0
43000262004,weekday,0,42.0
43000262004,weekday,6,47.5
43000262004,weekday,7,61.0
43000262004,weekday,8,54.0
43000262004,weekday,9,33.0
43000262004,weekday,10,64.0
43000262004,weekday,11,29.0
43000262004,weekday,12,61.0
43000262004,weekday,13,33.0
43000262004,weekday,14,62.0
43000262004,weekday,15,108.0
43000262004,weekday,16,75.0
43000262004,weekday,17,61.5
43000262004,weekday,18,58.0
43000262004,weekday,19,62.0
43000262004,weekday,20,32.0
43000262004,weekday,21,59.0
43000262004,weekday,22,32.0
43000262004,weekday,23,80.0
43000262004,weekend,9,39.0
43000262004,weekend,10,58.0
43000262004,weekend,11,48.0
43000262004,weekend,12,88.0
43000262004,weekend,13,48.0
43000262004,weekend,14,60.5
43000262004,weekend,15,64.0
43000262004,weekend,16,58.0
43000262004,weekend,17,91.0
43000262004,weekend,18,32.0
43000262004,weekend,19,60.0
43000262004,weekend,20,35.0
43000262004,weekend,21,31.0
43000262004,weekend,23,35.0
43000262006,weekday,4,77.0
43000262006,weekday,5,47.5
43000262006,weekday,6,49.0
43000262006,weekday,7,32.0
43000262006,weekday,8,45.0
43000262006,weekday,9,34.5
43000262006,weekday,10,64.0
43000262006,weekday,11,65.0
43000262006,weekday,12,59.0
43000262006,weekday,13,38.0
43000262006,weekday,14,37.0
43000262006,weekday,15,54.0
43000262006,weekday,16,37.0
43000262006,weekday,17,33.0
43000262006,weekday,18,32.0
43000262006,weekday,19,44.5
43000262006,weekday,20,58.0
43000262006,weekday,21,33.0
43000262006,weekday,22,32.5
43000262006,weekday,23,43.0
43000262006,weekend,0,37.0
43000262006,weekend,9,80.5
43000262006,weekend,10,58.5
43000262006,weekend,11,32.0
43000262006,weekend,12,52.0
43000262006,weekend,13,27.0
43000262006,weekend,14,53.0
43000262006,weekend,15,32.0
43000262006,weekend,16,91.5
43000262006,weekend,17,32.0
43000262006,weekend,18,89.5
43000262006,weekend,19,65.0
43000262006,weekend,20,26.0
43000262006,weekend,21,54.0
43000262006,weekend,22,24.0
43000262006,weekend,23,32.0
43000262401,weekday,0,86.0
43000262401,weekday,5,99.0
43000262401,weekday,6,134.5
43000262401,weekday,7,118.0
43000262401,weekday,8,116.0
43000262401,weekday,9,103.0
43000262401,weekday,10,160.0
43000262401,weekday,11,120.5
43000262401,weekday,12,60.5
43000262401,weekday,13,148.0
43000262401,weekday,14,135.5
43000262401,weekday,15,107.0
43000262401,weekday,16,166.0
43000262401,weekday,17,150.0
43000262401,weekday,18,120.0
43000262401,weekday,19,127.0
43000262401,weekday,20,90.0
43000262401,weekday,21,47.5
43000262401,weekday,22,26.0
43000262401,weekday,23,59.0
43000262401,weekend,0,89.0
43000262401,weekend,9,32.0
43000262401,weekend,10,79.5
43000262401,weekend,11,86.0
43000262401,weekend,12,85.5
43000262401,weekend,13,92.0
43000262401,weekend,14,32.0
43000262401,weekend,15,106.5
43000262401,weekend,16,123.5
43000262401,weekend,17,142.0
43000262401,weekend,18,115.0
43000262401,weekend,19,28.0
43000262401,weekend,23,116.0
43000262402,weekday,8,59.0
43000262402,weekday,9,59.5
43000262402,weekday,14,32.0
43000262402,weekday,15,31.0
43000262402,weekday,16,32.0
43000262402,weekday,17,32.0
43000262402,weekday,18,26.0
43000272203,weekday,7,32.5
43000272203,weekday,8,32.0
43000272203,weekday,9,29.5
43000272203,weekday,10,30.5
43000272203,weekday,11,29.5
43000272203,weekday,12,27.0
43000272203,weekday,13,32.0
43000272203,weekday,14,33.0
43000272203,weekday,15,76.5
43000272203,weekday,16,42.5
43000272203,weekday,17,59.0
43000272203,weekday,18,32.0
43000272203,weekday,19,29.0
43000272203,weekday,20,33.0
43000272203,weekday,21,32.0
43000272203,weekday,22,32.0
43000272203,weekend,0,27.0
43000272203,weekend,9,42.5
43000272203,weekend,10,32.5
43000272203,weekend,13,54.0
43000272203,weekend,15,31.0
43000272203,weekend,16,24.5
43000272203,weekend,17,31.0
43000272302,weekday,0,32.0
43000272302,weekday,6,29.5
43000272302,weekday,7,32.0
43000272302,weekday,8,33.5
43000272302,weekday,9,27.0
43000272302,weekday,10,27.0
43000272302,weekday,11,32.0
43000272302,weekday,12,27.0
43000272302,weekday,13,29.5
43000272302,weekday,14,32.0
43000272302,weekday,15,31.0
43000272302,weekday,16,26.0
43000272302,weekday,17,29.5
43000272302,weekday,18,27.0
43000272302,weekday,19,31.0
43000272302,weekday,20,28.0
43000272302,weekday,21,33.0
43000272302,weekday,22,56.0
43000272302,weekday,23,31.0
43000272302,weekend,9,39.5
43000272302,weekend,10,26.0
43000272302,weekend,11,26.5
43000272302,weekend,12,95.0
43000272302,weekend,13,31.0
43000272302,weekend,14,32.0
43000272302,weekend,15,26.5
43000272302,weekend,17,29.0
43000272302,weekend,19,21.0
43000272302,weekend,20,26.0
43000272302,weekend,22,10.0
43000272401,weekday,0,11.0
43000272401,weekday,7,26.0
43000272401,weekday,8,31.0
43000272401,weekday,9,32.0
43000272401,weekday,10,37.0
43000272401,weekday,11,32.0
43000272401,weekday,12,27.0
43000272401,weekday,13,27.0
43000272401,weekday,14,27.0
43000272401,weekday,15,29.0
43000272401,weekday,16,32.0
43000272401,weekday,17,32.0
43000272401,weekday,18,27.0
43000272401,weekday,19,33.0
43000272401,weekday,20,64.0
43000272401,weekday,21,27.0
43000272401,weekday,22,48.0
43000272401,weekday,23,22.0
43000272401,weekend,10,36.0
43000272401,weekend,11,26.0
43000272401,weekend,12,26.5
43000272401,weekend,13,27.0
43000272401,weekend,14,28.0
43000272401,weekend,15,16.0
43000272401,weekend,16,92.5
43000272401,weekend,17,27.0
43000272401,weekend,18,23.5
43000272401,weekend,19,32.0
43000272401,weekend,20,27.0
43000272401,weekend,22,21.0
43000272501,weekday,7,29.5
43000272501,weekday,8,27.0
43000272501,weekday,9,28.0
43000272501,weekday,10,31.5
43000272501,weekday,11,30.0
43000272501,weekday,13,26.5
43000272501,weekday,14,32.0
43000272501,weekday,15,31.0
43000272501,weekday,16,32.0
43000272501,weekday,17,24.5
43000272501,weekday,18,29.0
43000272501,weekday,19,29.5
43000272501,weekday,22,15.0
43000272501,weekend,10,21.0
43000272501,weekend,11,21.0
43000272501,weekend,13,26.0
43000272501,weekend,14,48.5
43000272501,weekend,15,32.0
43000272501,weekend,16,32.0
43000272501,weekend,17,37.0
43000272501,weekend,18,21.0
43000272502,weekday,6,26.0
43000272502,weekday,8,32.0
43000272502,weekday,9,27.0
43000272502,weekday,11,29.0
43000272502,weekday,12,28.0
43000272502,weekday,13,31.0
43000272502,weekday,14,31.5
43000272502,weekday,15,32.0
43000272502,weekday,17,31.0
43000272502,weekday,18,29.0
43000272502,weekday,22,26.0
43000272502,weekend,14,32.0
43000272502,weekend,20,27.0
43000272502,weekend,21,23.0
43000276201,weekday,5,25.0
43000276201,weekday,8,26.0
43000276201,weekday,9,27.0
43000276201,weekday,10,31.5
43000276201,weekday,11,28.0
43000276201,weekday,12,21.0
43000276201,weekday,13,31.0
43000276201,weekday,14,31.5
43000276201,weekday,15,32.0
43000276201,weekday,16,32.0
43000276201,weekday,17,27.5
43000276201,weekday,18,32.0
43000276201,weekday,19,32.0
43000276201,weekday,20,16.0
43000276201,weekday,21,27.0
43000276201,weekday,23,32.0
43000276201,weekend,9,54.0
43000276201,weekend,10,26.0
43000276201,weekend,11,32.0
43000276201,weekend,12,21.0
43000276201,weekend,13,43.5
43000276201,weekend,15,53.0
43000276201,weekend,16,22.0
43000276201,weekend,19,26.0
43000276201,weekend,20,27.0
43000276202,weekday,7,27.0
43000276202,weekday,8,27.0
43000276202,weekday,9,27.0
43000276202,weekday,10,53.5
43000276202,weekday,11,28.5
43000276202,weekday,12,58.0
43000276202,weekday,13,29.5
43000276202,weekday,14,27.0
43000276202,weekday,15,32.0
43000276202,weekday,16,27.0
43000276202,weekday,17,32.0
43000276202,weekday,18,31.5
43000276202,weekday,19,35.0
43000276202,weekday,20,32.0
43000276202,weekday,21,101.0
43000276202,weekday,22,27.5
43000276202,weekday,23,72.5
43000276202,weekend,9,31.0
43000276202,weekend,10,26.0
43000276202,weekend,11,26.5
43000276202,weekend,12,61.0
43000276202,weekend,14,21.5
43000276202,weekend,15,36.0
43000276202,weekend,16,24.5
43000276202,weekend,17,52.0
43000276202,weekend,18,27.0
43000276202,weekend,21,41.0
43000276202,weekend,22,27.0
43000276801,weekday,15,22.0
43000276801,weekday,22,27.0
43000276801,weekend,10,29.0
43000276801,weekend,16,28.0
43000276802,weekday,8,22.0
43000276802,weekday,15,55.0
43000276802,weekday,20,60.0
43000276802,weekend,10,21.0
43000276802,weekend,17,22.0
43000282802,weekday,7,27.0
43000282802,weekday,8,27.5
43000282802,weekday,9,26.5
43000282802,weekday,10,30.0
43000282802,weekday,11,31.0
43000282802,weekday,12,28.0
43000282802,weekday,13,45.0
43000282802,weekday,14,32.0
43000282802,weekday,15,29.0
43000282802,weekday,16,37.0
43000282802,weekday,17,31.0
43000282802,weekday,18,30.0
43000282802,weekday,19,29.5
43000282802,weekday,20,31.0
43000282802,weekday,21,28.0
43000282802,weekday,22,27.0
43000282802,weekday,23,29.5
43000282802,weekend,9,16.0
43000282802,weekend,10,29.5
43000282802,weekend,11,58.0
43000282802,weekend,12,22.0
43000282802,weekend,13,32.0
43000282802,weekend,14,27.0
43000282802,weekend,15,24.0
43000282802,weekend,16,26.5
43000282802,weekend,17,28.0
43000282802,weekend,18,26.0
43000282802,weekend,19,63.0
43000282802,weekend,20,32.0
43000282802,weekend,22,27.0
43000282803,weekday,5,32.0
43000282803,weekday,7,53.0
43000282803,weekday,8,34.5
43000282803,weekday,9,33.0
43000282803,weekday,10,32.0
43000282803,weekday,11,32.0
43000282803,weekday,12,33.0
43000282803,weekday,13,32.0
43000282803,weekday,14,45.0
43000282803,weekday,15,54.0
43000282803,weekday,16,31.0
43000282803,weekday,17,29.5
43000282803,weekday,18,33.0
43000282803,weekday,19,31.0
43000282803,weekday,20,32.0
43000282803,weekday,21,26.5
43000282803,weekday,22,30.0
43000282803,weekday,23,26.0
43000282803,weekend,9,34.5
43000282803,weekend,10,32.0
43000282803,weekend,11,31.5
43000282803,weekend,12,37.0
43000282803,weekend,13,32.0
43000282803,weekend,14,45.5
43000282803,weekend,15,27.0
43000282803,weekend,16,27.0
43000282803,weekend,17,35.0
43000282803,weekend,18,32.0
43000282803,weekend,19,29.5
43000282803,weekend,22,30.0
43000282901,weekday,7,26.0
43000282901,weekday,8,27.0
43000282901,weekday,9,27.0
43000282901,weekday,10,31.0
43000282901,weekday,11,26.0
43000282901,weekday,12,26.0
43000282901,weekday,13,27.0
43000282901,weekday,14,26.5
43000282901,weekday,15,30.0
43000282901,weekday,16,26.5
43000282901,weekday,17,27.0
43000282901,weekday,18,27.0
43000282901,weekday,19,27.0
43000282901,weekday,21,22.0
43000282901,weekday,22,63.0
43000282901,weekday,23,32.0
43000282901,weekend,0,27.0
43000282901,weekend,10,31.0
43000282901,weekend,12,21.5
43000282901,weekend,13,27.0
43000282901,weekend,14,28.0
43000282901,weekend,17,25.0
43000282901,weekend,18,27.0
43000282901,weekend,23,27.0
43000282902,weekday,7,31.5
43000282902,weekday,8,27.5
43000282902,weekday,9,27.0
43000282902,weekday,10,26.0
43000282902,weekday,11,42.0
43000282902,weekday,13,32.0
43000282902,weekday,14,30.0
43000282902,weekday,15,38.0
43000282902,weekday,16,27.0
43000282902,weekday,17,26.0
43000282902,weekday,18,26.5
43000282902,weekday,19,27.0
43000282902,weekday,20,31.0
43000282902,weekday,21,31.0
43000282902,weekday,22,75.5
43000282902,weekend,9,16.0
43000282902,weekend,10,22.0
43000282902,weekend,14,22.0
43000282902,weekend,16,32.0
43000282902,weekend,17,31.0
43000282902,weekend,19,26.0
43000282902,weekend,22,26.0
43000283501,weekday,0,26.0
43000283501,weekday,6,32.0
43000283501,weekday,7,26.0
43000283501,weekday,8,32.5
43000283501,weekday,9,31.5
43000283501,weekday,10,27.0
43000283501,weekday,11,32.5
43000283501,weekday,12,32.0
43000283501,weekday,13,33.0
43000283501,weekday,14,29.0
43000283501,weekday,15,32.0
43000283501,weekday,16,32.0
43000283501,weekday,17,31.5
43000283501,weekday,18,27.0
43000283501,weekday,19,31.0
43000283501,weekday,20,32.0
43000283501,weekday,21,32.0
43000283501,weekday,22,32.0
43000283501,weekday,23,27.0
43000283501,weekend,8,22.0
43000283501,weekend,9,40.0
43000283501,weekend,10,30.0
43000283501,weekend,11,27.0
43000283501,weekend,12,34.5
43000283501,weekend,13,27.0
43000283501,weekend,14,29.5
43000283501,weekend,15,26.5
43000283501,weekend,16,31.5
43000283501,weekend,17,22.0
43000283501,weekend,18,32.0
43000283501,weekend,19,29.0
43000283501,weekend,20,27.0
43000283501,weekend,21,16.0
43000283501,weekend,22,16.0
43000283501,weekend,23,21.0
43000283502,weekday,0,84.0
43000283502,weekday,11,45.5
43000283502,weekday,12,46.0
43000283502,weekday,13,26.0
43000283502,weekday,17,32.0
43000283502,weekday,23,41.0
43000283502,weekend,12,63.0
43000286101,weekday,8,29.0
43000286101,weekday,9,24.0
43000286101,weekday,10,29.0
43000286101,weekday,11,22.0
43000286101,weekday,12,26.0
43000286101,weekday,13,54.0
43000286101,weekday,15,27.0
43000286101,weekday,16,26.0
43000286101,weekday,17,32.0
43000286101,weekday,18,31.0
43000286101,weekday,19,26.0
43000286101,weekday,20,45.0
43000286101,weekday,21,26.0
43000286101,weekend,14,26.0
43000286401,weekday,5,27.0
43000286401,weekday,7,32.0
43000286401,weekday,8,28.5
43000286401,weekday,9,32.0
43000286401,weekday,10,27.0
43000286401,weekday,11,26.5
43000286401,weekday,12,26.0
43000286401,weekday,13,26.5
43000286401,weekday,14,34.0
43000286401,weekday,15,24.0
43000286401,weekday,16,29.5
43000286401,weekday,17,28.0
43000286401,weekday,18,27.5
43000286401,weekday,21,27.5
43000286401,weekday,22,27.0
43000286401,weekend,8,21.0
43000286401,weekend,9,16.0
43000286401,weekend,10,27.0
43000286401,weekend,12,21.5
43000286401,weekend,13,32.0
43000286401,weekend,16,32.5
43000286401,weekend,20,21.0
43000286401,weekend,21,38.0
43000286402,weekday,0,23.5
43000286402,weekday,7,37.0
43000286402,weekday,8,27.0
43000286402,weekday,9,40.5
43000286402,weekday,10,32.0
43000286402,weekday,11,21.0
43000286402,weekday,12,27.0
43000286402,weekday,14,32.0
43000286402,weekday,15,32.0
43000286402,weekday,16,32.0
43000286402,weekday,17,32.0
43000286402,weekday,18,27.0
43000286402,weekday,19,40.0
43000286402,weekday,20,32.0
43000286402,weekday,21,31.5
43000286402,weekend,0,58.0
43000286402,weekend,9,69.0
43000286402,weekend,10,21.0
43000286402,weekend,11,21.0
43000286402,weekend,13,24.0
43000286402,weekend,14,31.0
43000286402,weekend,16,31.0
43000286402,weekend,19,27.0
43000286402,weekend,20,27.0
43000288101,weekday,5,26.0
43000288101,weekday,6,26.0
43000288101,weekday,7,24.0
43000288101,weekday,8,32.0
43000288101,weekday,9,32.0
43000288101,weekday,10,32.0
43000288101,weekday,11,27.0
43000288101,weekday,12,27.0
43000288101,weekday,13,26.0
43000288101,weekday,14,31.0
43000288101,weekday,15,26.0
43000288101,weekday,16,32.0
43000288101,weekday,17,27.0
43000288101,weekday,18,29.0
43000288101,weekday,19,26.0
43000288101,weekday,20,26.0
43000288101,weekday,22,27.0
43000288101,weekend,9,24.0
43000288101,weekend,10,32.0
43000288101,weekend,11,26.5
43000288101,weekend,12,21.0
43000288101,weekend,13,31.0
43000288101,weekend,14,33.0
43000288101,weekend,15,21.0
43000288101,weekend,16,37.0
43000288101,weekend,17,27.0
43000288101,weekend,18,35.0
43000288101,weekend,19,27.0
43000288101,weekend,20,27.0
43000288101,weekend,21,32.0
43000288101,weekend,22,26.0
43000288102,weekday,6,26.0
43000288102,weekday,7,32.0
43000288102,weekday,8,31.0
43000288102,weekday,9,27.0
43000288102,weekday,10,32.0
43000288102,weekday,11,27.0
43000288102,weekday,12,38.0
43000288102,weekday,13,21.0
43000288102,weekday,14,32.0
43000288102,weekday,15,29.5
43000288102,weekday,16,32.0
43000288102,weekday,17,32.0
43000288102,weekday,18,30.5
43000288102,weekday,19,32.0
43000288102,weekday,20,29.5
43000288102,weekday,21,35.5
43000288102,weekend,9,32.0
43000288102,weekend,10,33.0
43000288102,weekend,11,31.5
43000288102,weekend,12,29.5
43000288102,weekend,13,21.5
43000288102,weekend,14,27.0
43000288102,weekend,15,27.0
43000288102,weekend,16,29.5
43000288102,weekend,17,63.0
43000288102,weekend,18,43.0
43000288102,weekend,19,27.0
43000288102,weekend,20,26.0
43000288102,weekend,21,27.0
43000288301,weekday,6,22.0
43000288301,weekday,7,33.0
43000288301,weekday,8,32.0
43000288301,weekday,9,26.5
43000288301,weekday,10,32.0
43000288301,weekday,11,78.0
43000288301,weekday,12,32.0
43000288301,weekday,13,31.0
43000288301,weekday,14,31.5
43000288301,weekday,15,32.5
43000288301,weekday,16,32.0
43000288301,weekday,17,32.5
43000288301,weekday,18,27.0
43000288301,weekday,19,31.0
43000288301,weekday,20,30.0
43000288301,weekday,21,27.0
43000288301,weekday,22,27.5
43000288301,weekday,23,32.0
43000288301,weekend,9,26.5
43000288301,weekend,10,28.0
43000288301,weekend,11,35.5
43000288301,weekend,12,42.0
43000288301,weekend,13,32.0
43000288301,weekend,14,27.0
43000288301,weekend,15,27.0
43000288301,weekend,17,27.0
43000288301,weekend,18,32.0
43000288301,weekend,19,32.0
43000288301,weekend,20,27.0
43000288301,weekend,21,20.0
43000288301,weekend,22,32.0
43000288302,weekday,6,29.5
43000288302,weekday,7,34.5
43000288302,weekday,8,54.0
43000288302,weekday,9,28.0
43000288302,weekday,10,27.5
43000288302,weekday,11,32.0
43000288302,weekday,12,58.0
43000288302,weekday,13,31.5
43000288302,weekday,14,33.0
43000288302,weekday,15,35.5
43000288302,weekday,16,32.0
43000288302,weekday,17,27.0
43000288302,weekday,18,32.0
43000288302,weekday,19,46.0
43000288302,weekday,20,30.0
43000288302,weekday,21,32.0
43000288302,weekday,22,27.0
43000288302,weekend,0,58.0
43000288302,weekend,9,40.0
43000288302,weekend,10,53.0
43000288302,weekend,11,32.0
43000288302,weekend,12,32.0
43000288302,weekend,13,55.0
43000288302,weekend,14,40.5
43000288302,weekend,15,42.5
43000288302,weekend,16,38.0
43000288302,weekend,17,28.5
43000288302,weekend,19,29.0
43000288302,weekend,20,27.0
43000288302,weekend,21,32.0
43000288302,weekend,22,46.0
43000288302,weekend,23,33.0
43000288501,weekday,5,21.0
43000288501,weekday,6,26.0
43000288501,weekday,7,27.0
43000288501,weekday,8,31.5
43000288501,weekday,9,21.5
43000288501,weekday,11,27.0
43000288501,weekday,12,26.5
43000288501,weekday,13,32.5
43000288501,weekday,14,27.0
43000288501,weekday,15,28.5
43000288501,weekday,16,25.0
43000288501,weekday,17,27.0
43000288501,weekday,18,27.0
43000288501,weekday,19,27.0
43000288501,weekday,22,31.0
43000288501,weekend,9,16.0
43000288501,weekend,10,27.0
43000288501,weekend,11,29.5
43000288501,weekend,14,43.0
43000288501,weekend,15,34.0
43000288501,weekend,16,24.5
43000288501,weekend,18,23.5
43000288501,weekend,19,64.0
43000288502,weekday,8,28.0
43000288502,weekday,9,32.0
43000288502,weekday,10,32.0
43000288502,weekday,11,27.0
43000288502,weekday,12,26.5
43000288502,weekday,13,40.0
43000288502,weekday,14,28.0
43000288502,weekday,15,26.0
43000288502,weekday,16,29.5
43000288502,weekday,18,29.0
43000288502,weekend,10,37.0
43000288502,weekend,11,85.0
43000288502,weekend,12,32.0
43000288502,weekend,13,27.0
43000288502,weekend,14,22.0
43000288502,weekend,16,22.0
43000288502,weekend,18,29.5
43000288502,weekend,20,32.0
43000288502,weekend,21,32.0
43000288601,weekday,7,10.0
43000288601,weekday,9,27.0
43000288601,weekday,12,29.5
43000288601,weekday,15,23.5
43000288601,weekday,16,22.0
43000288601,weekday,17,87.0
43000288601,weekday,20,27.0
43000288601,weekend,17,27.0
43000288601,weekend,20,27.0
43000288602,weekday,8,32.5
43000288602,weekday,9,26.0
43000288602,weekday,10,28.0
43000288602,weekday,12,22.0
43000288602,weekday,13,22.0
43000288602,weekday,14,26.0
43000288602,weekday,15,41.0
43000288602,weekday,16,27.0
43000288602,weekday,17,33.0
43000288602,weekday,23,32.0
43000288602,weekend,9,21.0
43000288602,weekend,14,22.0
43000288602,weekend,16,21.0
43000288602,weekend,18,25.0
43000288602,weekend,23,26.0
43000288701,weekday,8,27.0
43000288701,weekday,9,27.0
43000288701,weekday,10,26.0
43000288701,weekday,11,27.0
43000288701,weekday,12,33.0
43000288701,weekday,14,27.0
43000288701,weekday,17,29.5
43000288701,weekday,18,27.0
43000288701,weekend,11,23.5
43000288701,weekend,13,32.0
43000288701,weekend,20,27.0
43000288702,weekday,8,40.0
43000288702,weekday,10,33.0
43000288702,weekday,13,29.5
43000288702,weekday,15,27.0
43000288802,weekday,8,37.0
43000288802,weekday,9,29.0
43000288802,weekday,10,26.0
43000288802,weekday,11,21.0
43000288802,weekday,12,21.0
43000288802,weekday,13,28.5
43000288802,weekday,14,31.0
43000288802,weekday,15,33.0
43000288802,weekday,16,32.0
43000288802,weekday,17,30.0
43000288802,weekday,18,27.0
43000288802,weekday,19,26.0
43000288802,weekday,20,24.5
43000288802,weekday,23,27.0
43000288802,weekend,13,26.0
43000288802,weekend,14,23.5
43000288802,weekend,15,27.0
43000288802,weekend,16,27.0
43000288802,weekend,18,25.0
43000288803,weekday,6,25.0
43000288803,weekday,7,32.0
43000288803,weekday,8,27.0
43000288803,weekday,9,31.0
43000288803,weekday,10,21.5
43000288803,weekday,11,29.0
43000288803,weekday,12,26.0
43000288803,weekday,14,32.0
43000288803,weekday,15,32.0
43000288803,weekday,16,43.0
43000288803,weekday,17,21.0
43000288803,weekday,18,27.0
43000288803,weekday,19,33.0
43000288803,weekend,11,27.0
43000288803,weekend,12,27.0
43000288803,weekend,17,26.0
43000288901,weekday,7,26.0
43000288901,weekday,8,52.0
43000288901,weekday,9,32.0
43000288901,weekday,10,31.5
43000288901,weekday,11,31.0
43000288901,weekday,12,32.0
43000288901,weekday,13,32.0
43000288901,weekday,14,59.0
43000288901,weekday,15,32.0
43000288901,weekday,16,30.0
43000288901,weekday,17,31.0
43000288901,weekday,18,32.0
43000288901,weekday,19,37.5
43000288901,weekday,20,32.0
43000288901,weekday,21,62.0
43000288901,weekday,22,45.0
43000288901,weekend,9,37.0
43000288901,weekend,10,38.0
43000288901,weekend,11,33.0
43000288901,weekend,12,47.5
43000288901,weekend,13,43.0
43000288901,weekend,14,31.0
43000288901,weekend,15,32.5
43000288901,weekend,16,43.0
43000288901,weekend,17,63.0
43000288901,weekend,18,23.0
43000288901,weekend,19,34.0
43000288901,weekend,20,32.0
43000288901,weekend,23,22.0
43000288902,weekday,7,33.0
43000288902,weekday,8,33.0
43000288902,weekday,9,58.0
43000288902,weekday,10,32.0
43000288902,weekday,11,27.0
43000288902,weekday,12,32.0
43000288902,weekday,13,32.0
43000288902,weekday,14,43.0
43000288902,weekday,15,33.0
43000288902,weekday,16,32.0
43000288902,weekday,17,31.0
43000288902,weekday,18,28.0
43000288902,weekday,20,21.0
43000288902,weekday,22,59.0
43000288902,weekday,23,49.0
43000288902,weekend,9,20.0
43000288902,weekend,10,27.0
43000288902,weekend,11,43.0
43000288902,weekend,12,22.0
43000288902,weekend,13,29.0
43000288902,weekend,14,63.5
43000288902,weekend,17,65.0
43000288902,weekend,18,25.0
43000289302,weekday,0,75.0
43000289302,weekday,6,116.0
43000289302,weekday,7,59.0
43000289302,weekday,8,54.0
43000289302,weekday,9,64.0
43000289302,weekday,10,58.0
43000289302,weekday,11,38.0
43000289302,weekday,12,32.0
43000289302,weekday,13,55.0
43000289302,weekday,14,28.0
43000289302,weekday,15,36.0
43000289302,weekday,16,56.0
43000289302,weekday,17,33.0
43000289302,weekday,18,36.0
43000289302,weekday,19,89.0
43000289302,weekday,20,58.0
43000289302,weekday,21,22.0
43000289302,weekday,23,67.0
43000289302,weekend,9,29.5
43000289302,weekend,10,53.0
43000289302,weekend,11,85.0
43000289302,weekend,12,33.0
43000289302,weekend,13,61.0
43000289302,weekend,14,31.0
43000289302,weekend,15,32.0
43000289302,weekend,16,61.0
43000289302,weekend,17,42.0
43000289302,weekend,18,50.5
43000289302,weekend,19,32.0
43000289302,weekend,20,23.0
43000289302,weekend,21,33.0
43000289302,weekend,22,87.0
43000289302,weekend,23,32.5
43000289304,weekday,0,87.0
43000289304,weekday,6,129.5
43000289304,weekday,7,146.0
43000289304,weekday,8,119.0
43000289304,weekday,9,91.0
43000289304,weekday,10,60.0
43000289304,weekday,11,27.0
43000289304,weekday,12,58.5
43000289304,weekday,13,32.5
43000289304,weekday,14,64.0
43000289304,weekday,15,48.0
43000289304,weekday,16,33.0
43000289304,weekday,17,48.0
43000289304,weekday,18,32.0
43000289304,weekday,19,32.0
43000289304,weekday,20,61.0
43000289304,weekday,21,32.0
43000289304,weekday,22,26.0
43000289304,weekend,8,26.0
43000289304,weekend,9,61.5
43000289304,weekend,10,47.5
43000289304,weekend,11,60.0
43000289304,weekend,12,32.0
43000289304,weekend,13,32.0
43000289304,weekend,14,32.0
43000289304,weekend,15,45.5
43000289304,weekend,16,27.0
43000289304,weekend,17,59.0
43000289304,weekend,18,37.5
43000289304,weekend,19,32.0
43000289304,weekend,20,32.0
43000289304,weekend,21,37.0
43000289304,weekend,22,33.0
43000289304,weekend,23,26.5
43000289501,weekday,8,27.0
43000289501,weekday,9,26.0
43000289501,weekday,11,26.0
43000289501,weekday,12,32.0
43000289501,weekday,13,32.0
43000289501,weekday,14,27.0
43000289501,weekday,15,27.0
43000289501,weekday,17,26.5
43000289501,weekday,20,21.0
43000289501,weekend,11,21.0
43000289501,weekend,12,21.0
43000289501,weekend,13,32.0
43000289501,weekend,14,18.5
43000289501,weekend,15,21.0
43000289501,weekend,23,32.0
43000289502,weekday,6,22.0
43000289502,weekday,8,29.5
43000289502,weekday,9,15.0
43000289502,weekday,10,26.0
43000289502,weekday,11,31.0
43000289502,weekday,12,26.0
43000289502,weekday,13,24.5
43000289502,weekday,14,32.0
43000289502,weekday,15,31.0
43000289502,weekday,16,28.5
43000289502,weekday,17,25.5
43000289502,weekday,18,28.0
43000289502,weekday,20,31.0
43000289502,weekend,11,26.0
43000289502,weekend,12,32.0
43000289502,weekend,13,24.0
43000289502,weekend,14,27.0
43000289502,weekend,15,27.0
43000289502,weekend,18,22.0
43000289502,weekend,21,21.0
43000289601,weekday,0,15.0
43000289601,weekday,6,32.0
43000289601,weekday,7,25.5
43000289601,weekday,8,32.0
43000289601,weekday,10,28.0
43000289601,weekday,11,32.0
43000289601,weekday,12,29.5
43000289601,weekday,13,59.0
43000289601,weekday,14,27.0
43000289601,weekday,15,26.5
43000289601,weekday,16,27.0
43000289601,weekday,17,29.0
43000289601,weekday,18,29.5
43000289601,weekday,19,32.0
43000289601,weekday,20,28.5
43000289601,weekday,22,32.0
43000289601,weekend,8,22.0
43000289601,weekend,9,17.0
43000289601,weekend,11,26.5
43000289601,weekend,12,25.5
43000289601,weekend,13,15.0
43000289601,weekend,14,26.0
43000289601,weekend,15,21.0
43000289601,weekend,16,26.0
43000289601,weekend,17,28.5
43000289601,weekend,18,39.5
43000289601,weekend,19,28.0
43000289601,weekend,20,31.0
43000289601,weekend,23,31.0
43000289602,weekday,5,28.0
43000289602,weekday,7,33.0
43000289602,weekday,8,26.5
43000289602,weekday,9,26.0
43000289602,weekday,10,27.0
43000289602,weekday,11,32.0
43000289602,weekday,12,26.0
43000289602,weekday,13,26.0
43000289602,weekday,14,31.0
43000289602,weekday,15,32.0
43000289602,weekday,16,32.0
43000289602,weekday,17,32.0
43000289602,weekday,18,32.0
43000289602,weekday,19,27.0
43000289602,weekday,20,32.0
43000289602,weekday,21,27.0
43000289602,weekend,9,27.0
43000289602,weekend,10,21.0
43000289602,weekend,12,33.0
43000289602,weekend,13,27.5
43000289602,weekend,14,38.0
43000289602,weekend,16,26.0
43000289602,weekend,17,16.0
43000289602,weekend,18,30.0
43000289602,weekend,19,21.0
43000289602,weekend,22,54.0
43000289702,weekday,7,21.5
43000289702,weekday,8,22.0
43000289702,weekday,9,31.0
43000289702,weekday,11,26.0
43000289702,weekday,12,27.0
43000289702,weekday,13,27.0
43000289702,weekday,14,31.0
43000289702,weekday,15,24.0
43000289702,weekday,16,27.0
43000289702,weekday,17,26.0
43000289702,weekday,18,33.0
43000289702,weekend,10,26.0
43000289702,weekend,12,26.0
43000289702,weekend,15,30.0
43000289702,weekend,16,21.0
43000289702,weekend,17,45.0
43000300104,weekday,0,22.0
43000300104,weekday,6,24.5
43000300104,weekday,7,32.5
43000300104,weekday,8,31.0
43000300104,weekday,9,31.0
43000300104,weekday,10,31.0
43000300104,weekday,11,27.0
43000300104,weekday,12,32.0
43000300104,weekday,13,31.0
43000300104,weekday,14,27.0
43000300104,weekday,15,32.0
43000300104,weekday,16,32.5
43000300104,weekday,17,49.5
43000300104,weekday,18,33.0
43000300104,weekday,19,27.0
43000300104,weekday,20,32.5
43000300104,weekday,21,29.5
43000300104,weekday,22,32.0
43000300104,weekday,23,26.5
43000300104,weekend,8,27.0
43000300104,weekend,9,22.0
43000300104,weekend,10,22.0
43000300104,weekend,11,22.0
43000300104,weekend,12,27.0
43000300104,weekend,13,26.5
43000300104,weekend,14,35.0
43000300104,weekend,15,29.0
43000300104,weekend,16,32.0
43000300104,weekend,17,32.0
43000300104,weekend,18,36.0
43000300104,weekend,19,27.5
43000300104,weekend,20,31.0
43000300104,weekend,21,25.0
43000300104,weekend,22,31.0
43000300104,weekend,23,27.0
43000300105,weekday,0,27.0
43000300105,weekday,5,32.0
43000300105,weekday,7,36.0
43000300105,weekday,8,32.0
43000300105,weekday,9,29.5
43000300105,weekday,10,32.0
43000300105,weekday,11,26.0
43000300105,weekday,12,27.0
43000300105,weekday,13,31.0
43000300105,weekday,14,32.0
43000300105,weekday,15,32.0
43000300105,weekday,16,32.0
43000300105,weekday,17,32.0
43000300105,weekday,18,32.0
43000300105,weekday,19,32.0
43000300105,weekday,20,27.0
43000300105,weekday,21,29.5
43000300105,weekday,22,31.0
43000300105,weekday,23,24.5
43000300105,weekend,9,24.5
43000300105,weekend,10,32.0
43000300105,weekend,11,22.0
43000300105,weekend,12,21.5
43000300105,weekend,13,27.0
43000300105,weekend,14,26.0
43000300105,weekend,15,26.0
43000300105,weekend,16,26.0
43000300105,weekend,17,31.0
43000300105,weekend,18,24.5
43000300105,weekend,19,27.0
43000300105,weekend,20,28.0
43000300105,weekend,21,24.5
43000300105,weekend,22,29.0
43000300201,weekday,7,16.0
43000300201,weekday,8,42.5
43000300201,weekday,9,32.0
43000300201,weekday,10,28.0
43000300201,weekday,11,27.0
43000300201,weekday,12,32.0
43000300201,weekday,13,29.5
43000300201,weekday,14,32.0
43000300201,weekday,15,43.0
43000300201,weekday,16,32.0
43000300201,weekday,17,31.0
43000300201,weekday,18,27.0
43000300201,weekday,19,43.0
43000300201,weekday,22,25.0
43000300201,weekend,9,19.0
43000300201,weekend,10,32.0
43000300201,weekend,11,40.5
43000300201,weekend,12,11.0
43000300201,weekend,13,42.0
43000300201,weekend,14,57.5
43000300201,weekend,15,24.0
43000300201,weekend,16,31.5
43000300201,weekend,17,58.0
43000300201,weekend,18,38.0
43000300201,weekend,19,21.0
43000300201,weekend,20,123.0
43000300201,weekend,21,13.0
43000300202,weekday,0,61.0
43000300202,weekday,5,71.0
43000300202,weekday,6,62.5
43000300202,weekday,7,62.0
43000300202,weekday,8,31.0
43000300202,weekday,9,32.0
43000300202,weekday,10,33.0
43000300202,weekday,11,32.0
43000300202,weekday,12,37.0
43000300202,weekday,13,32.0
43000300202,weekday,14,32.5
43000300202,weekday,15,52.0
43000300202,weekday,16,32.0
43000300202,weekday,17,31.5
43000300202,weekday,18,58.5
43000300202,weekday,19,37.5
43000300202,weekday,20,31.5
43000300202,weekday,21,32.0
43000300202,weekday,22,29.5
43000300202,weekday,23,31.0
43000300202,weekend,9,27.0
43000300202,weekend,10,37.0
43000300202,weekend,11,42.5
43000300202,weekend,12,32.0
43000300202,weekend,13,42.5
43000300202,weekend,14,31.0
43000300202,weekend,15,34.5
43000300202,weekend,16,33.0
43000300202,weekend,17,37.0
43000300202,weekend,18,31.5
43000300202,weekend,19,52.0
43000300202,weekend,20,22.0
43000300202,weekend,21,38.0
43000300202,weekend,22,27.0
43000300202,weekend,23,80.0
43000300203,weekday,0,52.0
43000300203,weekday,5,47.5
43000300203,weekday,6,29.5
43000300203,weekday,7,38.0
43000300203,weekday,8,32.0
43000300203,weekday,9,32.0
43000300203,weekday,10,31.0
43000300203,weekday,11,53.0
43000300203,weekday,12,32.0
43000300203,weekday,13,59.0
43000300203,weekday,14,32.0
43000300203,weekday,15,31.0
43000300203,weekday,16,37.0
43000300203,weekday,17,32.0
43000300203,weekday,18,31.0
43000300203,weekday,19,35.0
43000300203,weekday,20,33.0
43000300203,weekday,21,32.0
43000300203,weekday,22,32.0
43000300203,weekday,23,28.0
43000300203,weekend,0,26.0
43000300203,weekend,8,65.0
43000300203,weekend,9,29.0
43000300203,weekend,10,33.0
43000300203,weekend,11,50.5
43000300203,weekend,12,59.0
43000300203,weekend,13,38.0
43000300203,weekend,14,53.0
43000300203,weekend,15,53.0
43000300203,weekend,16,32.0
43000300203,weekend,17,27.0
43000300203,weekend,18,32.0
43000300203,weekend,19,32.0
43000300203,weekend,20,37.0
43000300203,weekend,21,42.5
43000300203,weekend,22,58.0
43000300203,weekend,23,60.0
43000300501,weekday,0,64.0
43000300501,weekday,5,32.0
43000300501,weekday,6,130.5
43000300501,weekday,7,87.5
43000300501,weekday,8,92.0
43000300501,weekday,9,45.0
43000300501,weekday,10,47.5
43000300501,weekday,11,48.0
43000300501,weekday,12,32.0
43000300501,weekday,13,60.0
43000300501,weekday,14,64.5
43000300501,weekday,15,119.5
43000300501,weekday,16,59.0
43000300501,weekday,17,63.5
43000300501,weekday,18,117.0
43000300501,weekday,19,43.0
43000300501,weekday,20,93.0
43000300501,weekday,21,32.0
43000300501,weekday,22,32.0
43000300501,weekday,23,37.0
43000300501,weekend,9,52.0
43000300501,weekend,10,27.0
43000300501,weekend,11,44.5
43000300501,weekend,12,32.0
43000300501,weekend,13,31.5
43000300501,weekend,14,69.0
43000300501,weekend,15,102.0
43000300501,weekend,16,62.0
43000300501,weekend,17,73.0
43000300501,weekend,18,58.0
43000300501,weekend,19,26.5
43000300501,weekend,20,32.0
43000300501,weekend,21,31.0
43000300501,weekend,22,64.0
43000300501,weekend,23,37.0
43000300502,weekday,6,34.5
43000300502,weekday,7,54.0
43000300502,weekday,8,43.0
43000300502,weekday,9,53.0
43000300502,weekday,10,32.0
43000300502,weekday,11,47.0
43000300502,weekday,12,45.0
43000300502,weekday,13,48.0
43000300502,weekday,14,33.0
43000300502,weekday,15,43.5
43000300502,weekday,16,32.0
43000300502,weekday,17,32.0
43000300502,weekday,18,59.0
43000300502,weekday,19,31.0
43000300502,weekday,20,32.0
43000300502,weekday,21,32.0
43000300502,weekday,22,43.0
43000300502,weekday,23,32.0
43000300502,weekend,8,31.0
43000300502,weekend,9,21.0
43000300502,weekend,10,33.0
43000300502,weekend,11,31.5
43000300502,weekend,12,37.5
43000300502,weekend,13,55.0
43000300502,weekend,14,59.0
43000300502,weekend,15,53.5
43000300502,weekend,16,57.0
43000300502,weekend,17,32.0
43000300502,weekend,18,59.0
43000300502,weekend,19,59.0
43000300502,weekend,20,29.5
43000300502,weekend,21,28.0
43000300502,weekend,22,32.5
43000300502,weekend,23,27.0
43000300702,weekday,7,21.0
43000300702,weekday,8,31.0
43000300702,weekday,9,28.0
43000300702,weekday,10,32.5
43000300702,weekday,11,26.0
43000300702,weekday,12,31.0
43000300702,weekday,13,27.0
43000300702,weekday,14,32.0
43000300702,weekday,15,56.0
43000300702,weekday,16,88.0
43000300702,weekday,17,89.5
43000300702,weekday,18,27.0
43000300702,weekday,19,31.0
43000300702,weekday,21,27.0
43000300702,weekday,23,29.5
43000300702,weekend,10,41.5
43000300702,weekend,11,37.0
43000300702,weekend,12,39.5
43000300702,weekend,13,85.0
43000300702,weekend,14,27.0
43000300702,weekend,15,26.5
43000300702,weekend,16,32.0
43000300702,weekend,17,31.0
43000300702,weekend,18,28.0
43000300702,weekend,20,31.5
43000300702,weekend,21,41.0
43000300704,weekday,8,29.5
43000300704,weekday,9,32.0
43000300704,weekday,10,32.0
43000300704,weekday,12,29.0
43000300704,weekday,13,32.0
43000300704,weekday,14,31.0
43000300704,weekday,15,37.0
43000300704,weekday,16,63.0
43000300704,weekday,17,32.0
43000300704,weekday,18,32.0
43000300704,weekday,19,32.5
43000300704,weekday,20,39.5
43000300704,weekday,21,27.0
43000300704,weekday,22,26.0
43000300704,weekend,9,229.0
43000300704,weekend,10,32.0
43000300704,weekend,11,42.0
43000300704,weekend,12,23.5
43000300704,weekend,14,59.0
43000300704,weekend,15,21.0
43000300704,weekend,16,28.0
43000300704,weekend,17,32.0
43000300704,weekend,19,160.0
43000300704,weekend,20,29.5
43000301102,weekday,8,32.0
43000301102,weekday,9,24.0
43000301102,weekday,10,27.0
43000301102,weekday,11,21.0
43000301102,weekday,12,27.0
43000301102,weekday,14,33.0
43000301102,weekday,15,45.5
43000301102,weekday,16,33.0
43000301102,weekday,17,31.0
43000301102,weekday,18,29.5
43000301102,weekday,19,21.0
43000301102,weekday,20,21.0
43000301102,weekday,21,28.5
43000301102,weekday,22,27.0
43000301102,weekend,11,46.0
43000301102,weekend,12,26.0
43000301102,weekend,14,33.0
43000301102,weekend,16,31.0
43000301102,weekend,18,27.0
43000301102,weekend,19,27.0
43000301102,weekend,20,30.0
43000301102,weekend,21,48.0
43000301102,weekend,22,28.5
43000301105,weekday,5,32.0
43000301105,weekday,7,21.0
43000301105,weekday,8,59.0
43000301105,weekday,9,37.0
43000301105,weekday,10,29.5
43000301105,weekday,11,26.5
43000301105,weekday,12,33.0
43000301105,weekday,13,35.0
43000301105,weekday,14,32.5
43000301105,weekday,15,59.0
43000301105,weekday,16,55.5
43000301105,weekday,17,32.0
43000301105,weekday,18,31.5
43000301105,weekday,19,29.5
43000301105,weekday,20,29.5
43000301105,weekday,21,27.0
43000301105,weekday,22,27.5
43000301105,weekday,23,26.0
43000301105,weekend,9,32.0
43000301105,weekend,10,37.0
43000301105,weekend,11,11.0
43000301105,weekend,12,26.5
43000301105,weekend,13,21.0
43000301105,weekend,14,22.0
43000301105,weekend,15,28.5
43000301105,weekend,16,45.0
43000301105,weekend,17,26.5
43000301105,weekend,18,27.0
43000301105,weekend,19,26.0
43000301105,weekend,20,37.0
43000301105,weekend,22,27.5
43000301105,weekend,23,16.0
43000302101,weekday,7,53.0
43000302101,weekday,8,38.0
43000302101,weekday,9,27.0
43000302101,weekday,10,38.0
43000302101,weekday,11,45.5
43000302101,weekday,12,32.5
43000302101,weekday,13,27.5
43000302101,weekday,14,43.0
43000302101,weekday,15,29.5
43000302101,weekday,16,28.5
43000302101,weekday,18,31.0
43000302101,weekday,23,21.0
43000302101,weekend,10,26.0
43000302101,weekend,13,31.0
43000302101,weekend,14,21.0
43000302102,weekday,8,36.0
43000302102,weekday,9,31.0
43000302102,weekday,11,21.0
43000302102,weekday,12,24.0
43000302102,weekday,13,33.0
43000302102,weekday,14,43.0
43000302102,weekday,15,32.0
43000302102,weekday,16,27.0
43000302102,weekday,17,29.0
43000302102,weekday,18,32.0
43000302102,weekday,19,31.5
43000302102,weekday,22,27.0
43000302102,weekday,23,10.0
43000302102,weekend,9,32.0
43000302102,weekend,10,28.0
43000302102,weekend,11,27.0
43000302102,weekend,12,32.0
43000302102,weekend,13,23.5
43000302102,weekend,14,26.0
43000302102,weekend,15,33.0
43000302102,weekend,16,22.0
43000302102,weekend,17,38.0
43000302102,weekend,18,27.0
43000302102,weekend,21,32.0
43000302201,weekday,7,48.0
43000302201,weekday,8,45.0
43000302201,weekday,9,37.0
43000302201,weekday,10,20.0
43000302201,weekday,11,32.0
43000302201,weekday,12,38.0
43000302201,weekday,13,29.0
43000302201,weekday,14,31.0
43000302201,weekday,15,31.0
43000302201,weekday,16,31.0
43000302201,weekday,17,32.0
43000302201,weekday,18,32.0
43000302201,weekday,19,26.0
43000302201,weekday,20,32.0
43000302201,weekend,10,39.0
43000302201,weekend,11,42.0
43000302201,weekend,12,21.5
43000302201,weekend,14,32.0
43000302201,weekend,15,39.5
43000302201,weekend,16,16.0
43000302201,weekend,18,30.5
43000302201,weekend,20,26.0
43000302201,weekend,22,59.0
43000302201,weekend,23,21.0
43000302202,weekday,7,32.0
43000302202,weekday,8,32.0
43000302202,weekday,9,21.0
43000302202,weekday,10,34.5
43000302202,weekday,12,29.0
43000302202,weekday,13,32.0
43000302202,weekday,14,32.5
43000302202,weekday,15,26.0
43000302202,weekday,16,31.0
43000302202,weekday,17,32.0
43000302202,weekday,18,27.0
43000302202,weekday,19,27.0
43000302202,weekday,20,32.0
43000302202,weekday,21,27.0
43000302202,weekday,22,26.0
43000302202,weekend,11,32.0
43000302202,weekend,13,27.0
43000302202,weekend,14,22.0
43000302202,weekend,16,27.0
43000302202,weekend,17,32.0
43000302202,weekend,21,27.0
43000302202,weekend,22,21.0
43000302301,weekday,7,26.0
43000302301,weekday,8,24.0
43000302301,weekday,9,27.0
43000302301,weekday,10,31.5
43000302301,weekday,11,27.0
43000302301,weekday,13,27.5
43000302301,weekday,14,31.5
43000302301,weekday,15,21.5
43000302301,weekday,17,26.0
43000302301,weekday,20,26.0
43000302301,weekend,10,27.0
43000302301,weekend,12,26.0
43000302301,weekend,14,33.0
43000302302,weekday,8,31.0
43000302302,weekday,9,53.0
43000302302,weekday,10,31.0
43000302302,weekday,11,27.0
43000302302,weekday,12,26.0
43000302302,weekday,14,31.5
43000302302,weekday,15,22.0
43000302302,weekday,16,24.0
43000302302,weekday,17,32.5
43000302302,weekend,10,21.0
43000302302,weekend,14,37.0
43000302302,weekend,15,20.0
43000302302,weekend,17,32.0
43000302302,weekend,18,21.0
43000302302,weekend,21,27.0
43000302302,weekend,23,27.0
43000302401,weekday,8,32.0
43000302401,weekday,13,37.0
43000302401,weekday,14,26.0
43000302401,weekday,15,32.0
43000302401,weekday,16,48.0
43000302401,weekday,18,26.0
43000302401,weekday,20,24.5
43000302401,weekday,22,27.0
43000302401,weekend,16,23.5
43000302401,weekend,17,26.0
43000302401,weekend,21,26.5
43000302501,weekday,8,29.0
43000302501,weekday,9,32.0
43000302501,weekday,10,32.0
43000302501,weekday,12,27.0
43000302501,weekday,13,21.0
43000302501,weekday,14,31.0
43000302501,weekday,15,29.0
43000302501,weekday,16,32.0
43000302501,weekday,17,27.0
43000302501,weekday,18,32.0
43000302501,weekday,22,27.0
43000302501,weekend,11,27.0
43000302501,weekend,12,27.0
43000302501,weekend,13,27.0
43000302501,weekend,14,26.0
43000302501,weekend,17,22.0
43000302501,weekend,18,31.5
43000302501,weekend,19,86.0
43000302501,weekend,21,27.0
43000302502,weekday,8,22.0
43000302502,weekday,13,29.5
43000302502,weekday,14,23.5
43000302502,weekday,15,31.0
43000302502,weekday,16,27.0
43000302502,weekday,18,32.0
43000302502,weekday,19,26.0
43000302502,weekday,20,27.0
43000302502,weekday,21,20.0
43000302502,weekday,23,32.0
43000302502,weekend,11,31.0
43000302502,weekend,15,27.0
43000302502,weekend,18,16.0
43000302502,weekend,19,27.0
43000302502,weekend,22,27.0
43000303201,weekday,7,26.0
43000303201,weekday,8,27.0
43000303201,weekday,10,27.0
43000303201,weekday,11,28.0
43000303201,weekday,12,37.0
43000303201,weekday,13,35.0
43000303201,weekday,14,31.0
43000303201,weekday,15,26.0
43000303201,weekday,16,32.0
43000303201,weekday,17,32.0
43000303201,weekend,9,64.0
43000303201,weekend,10,20.5
43000303201,weekend,11,26.0
43000303201,weekend,12,21.0
43000303201,weekend,13,27.0
43000303201,weekend,14,32.0
43000303201,weekend,15,27.0
43000303202,weekday,9,27.0
43000303202,weekday,10,32.0
43000303202,weekday,11,21.0
43000303202,weekday,12,27.0
43000303202,weekday,13,32.0
43000303202,weekday,14,27.0
43000303202,weekday,15,116.0
43000303202,weekday,16,33.0
43000303202,weekday,18,21.0
43000303202,weekday,20,26.0
43000303202,weekday,21,32.0
43000303202,weekday,22,117.0
43000303202,weekend,10,22.0
43000303202,weekend,12,31.0
43000303202,weekend,15,27.0
43000303202,weekend,17,31.0
43000303202,weekend,19,27.0
43000303304,weekday,0,15.0
43000303304,weekday,7,35.0
43000303304,weekday,8,63.5
43000303304,weekday,9,32.0
43000303304,weekday,10,29.5
43000303304,weekday,11,27.5
43000303304,weekday,12,32.0
43000303304,weekday,13,31.0
43000303304,weekday,14,31.0
43000303304,weekday,15,54.0
43000303304,weekday,16,33.0
43000303304,weekday,17,31.0
43000303304,weekday,18,32.0
43000303304,weekday,19,32.0
43000303304,weekday,20,35.5
43000303304,weekday,21,32.0
43000303304,weekday,22,29.0
43000303304,weekend,8,26.0
43000303304,weekend,9,26.5
43000303304,weekend,10,27.0
43000303304,weekend,11,32.0
43000303304,weekend,12,32.0
43000303304,weekend,13,35.0
43000303304,weekend,14,32.0
43000303304,weekend,15,47.0
43000303304,weekend,16,32.0
43000303304,weekend,17,27.0
43000303304,weekend,18,38.5
43000303304,weekend,19,32.0
43000303304,weekend,20,29.5
43000303304,weekend,23,21.0
43000303501,weekday,9,34.0
43000303501,weekday,10,33.0
43000303501,weekday,11,23.0
43000303501,weekday,12,31.0
43000303501,weekday,14,21.0
43000303501,weekday,16,27.0
43000303501,weekday,17,40.5
43000303501,weekday,18,28.0
43000303501,weekday,21,27.0
43000303501,weekday,22,20.0
43000303501,weekend,11,16.0
43000303501,weekend,12,32.0
43000303501,weekend,13,22.0
43000303501,weekend,18,32.0
43000303501,weekend,19,20.0
43000303502,weekday,5,31.0
43000303502,weekday,8,24.0
43000303502,weekday,9,24.0
43000303502,weekday,10,21.0
43000303502,weekday,11,32.0
43000303502,weekday,12,90.0
43000303502,weekday,13,27.0
43000303502,weekday,14,37.0
43000303502,weekday,15,32.0
43000303502,weekday,16,27.0
43000303502,weekday,17,33.5
43000303502,weekday,20,36.0
43000303502,weekday,21,32.0
43000303502,weekend,0,26.0
43000303502,weekend,10,32.0
43000303502,weekend,11,26.0
43000303502,weekend,12,36.0
43000303502,weekend,13,29.5
43000303502,weekend,14,21.0
43000303605,weekday,0,54.0
43000303605,weekday,4,123.0
43000303605,weekday,6,60.5
43000303605,weekday,7,130.5
43000303605,weekday,8,47.0
43000303605,weekday,9,46.0
43000303605,weekday,10,54.0
43000303605,weekday,11,31.0
43000303605,weekday,12,74.5
43000303605,weekday,13,73.5
43000303605,weekday,14,57.0
43000303605,weekday,15,48.0
43000303605,weekday,16,57.5
43000303605,weekday,17,71.0
43000303605,weekday,18,64.0
43000303605,weekday,19,45.0
43000303605,weekday,20,57.5
43000303605,weekday,21,31.0
43000303605,weekday,22,24.0
43000303605,weekday,23,86.0
43000303605,weekend,0,32.0
43000303605,weekend,9,31.0
43000303605,weekend,10,92.0
43000303605,weekend,11,55.5
43000303605,weekend,12,62.0
43000303605,weekend,13,29.5
43000303605,weekend,14,74.0
43000303605,weekend,15,64.0
43000303605,weekend,16,59.0
43000303605,weekend,17,74.5
43000303605,weekend,18,35.5
43000303605,weekend,19,36.5
43000303605,weekend,20,27.0
43000303605,weekend,21,42.5
43000303605,weekend,22,47.5
43000303606,weekday,7,32.0
43000303606,weekday,8,31.0
43000303606,weekday,9,27.0
43000303606,weekday,10,32.0
43000303606,weekday,11,32.0
43000303606,weekday,12,27.0
43000303606,weekday,13,48.0
43000303606,weekday,14,32.0
43000303606,weekday,15,31.0
43000303606,weekday,16,29.5
43000303606,weekday,17,32.0
43000303606,weekday,18,32.0
43000303606,weekday,19,32.0
43000303606,weekday,20,27.0
43000303606,weekday,21,61.0
43000303606,weekday,22,59.0
43000303606,weekend,9,58.0
43000303606,weekend,10,46.0
43000303606,weekend,11,32.0
43000303606,weekend,12,27.0
43000303606,weekend,13,27.0
43000303606,weekend,14,81.0
43000303606,weekend,15,34.5
43000303606,weekend,16,26.0
43000303606,weekend,17,33.0
43000303606,weekend,18,54.0
43000303606,weekend,20,21.0
43000303606,weekend,22,32.0
43000303701,weekday,5,31.0
43000303701,weekday,6,73.5
43000303701,weekday,7,36.0
43000303701,weekday,8,58.0
43000303701,weekday,9,27.0
43000303701,weekday,10,68.0
43000303701,weekday,11,26.5
43000303701,weekday,12,60.0
43000303701,weekday,13,49.5
43000303701,weekday,14,27.0
43000303701,weekday,15,27.0
43000303701,weekday,16,32.0
43000303701,weekday,17,48.0
43000303701,weekday,19,42.5
43000303701,weekday,20,25.0
43000303701,weekday,21,54.0
43000303701,weekend,9,79.0
43000303701,weekend,10,21.5
43000303701,weekend,11,65.0
43000303701,weekend,12,32.0
43000303701,weekend,13,24.0
43000303701,weekend,14,32.0
43000303701,weekend,15,26.0
43000303701,weekend,16,33.0
43000303701,weekend,17,114.0
43000303701,weekend,18,27.0
43000303701,weekend,20,27.0
43000303702,weekday,6,26.0
43000303702,weekday,7,31.5
43000303702,weekday,8,32.0
43000303702,weekday,9,26.0
43000303702,weekday,10,31.0
43000303702,weekday,11,32.0
43000303702,weekday,12,27.0
43000303702,weekday,13,32.0
43000303702,weekday,14,32.0
43000303702,weekday,15,30.0
43000303702,weekday,16,44.0
43000303702,weekday,18,32.0
43000303702,weekday,19,26.5
43000303702,weekday,20,27.0
43000303702,weekday,21,26.0
43000303702,weekday,22,27.0
43000303702,weekday,23,27.0
43000303702,weekend,10,24.5
43000303702,weekend,12,31.0
43000303702,weekend,13,60.0
43000303702,weekend,15,21.0
43000303702,weekend,17,124.0
43000303702,weekend,19,31.0
43000303702,weekend,21,26.0
43000304101,weekday,13,32.0
43000304101,weekday,14,27.0
43000304101,weekend,12,32.0
43000304101,weekend,14,27.0
43000304101,weekend,16,59.0
43000304101,weekend,20,27.0
43000304103,weekday,14,26.0
43000304103,weekday,15,10.0
43000304103,weekday,16,26.0
43000304103,weekday,21,27.0
43000304103,weekday,22,31.0
43000304103,weekend,11,28.0
43000304103,weekend,19,26.0
43000304103,weekend,22,21.0
43000948401,weekday,7,21.0
43000948401,weekday,8,29.0
43000948401,weekday,9,28.0
43000948401,weekday,11,27.0
43000948401,weekday,12,22.0
43000948401,weekday,13,32.5
43000948401,weekday,14,43.5
43000948401,weekday,15,32.0
43000948401,weekday,16,32.0
43000948401,weekday,17,26.0
43000948401,weekday,21,32.0
43000948401,weekend,9,26.0
43000948401,weekend,10,32.0
43000948401,weekend,11,32.0
43000948401,weekend,14,12.0
43000948401,weekend,16,21.5
43000948401,weekend,18,22.0
43000948401,weekend,21,22.0
43000948401,weekend,23,32.0
43000948402,weekday,7,21.0
43000948402,weekday,8,26.5
43000948402,weekday,9,21.0
43000948402,weekday,10,32.0
43000948402,weekday,11,32.0
43000948402,weekday,12,32.0
43000948402,weekday,13,33.0
43000948402,weekday,14,31.0
43000948402,weekday,15,32.0
43000948402,weekday,16,42.0
43000948402,weekday,18,15.0
43000948402,weekday,19,32.0
43000948402,weekday,21,32.0
43000948402,weekend,10,16.0
43000948402,weekend,11,24.0
43000948402,weekend,12,38.0
43000948402,weekend,13,52.0
43000948402,weekend,16,23.0
43000948402,weekend,17,22.5
43000948402,weekend,18,26.0
43000948501,weekday,6,32.0
43000948501,weekday,7,24.5
43000948501,weekday,8,30.5
43000948501,weekday,9,21.0
43000948501,weekday,10,21.0
43000948501,weekday,11,27.0
43000948501,weekday,12,55.5
43000948501,weekday,13,26.5
43000948501,weekday,14,26.0
43000948501,weekday,15,35.5
43000948501,weekday,16,32.5
43000948501,weekday,17,32.0
43000948501,weekday,19,26.0
43000948501,weekday,20,21.0
43000948501,weekend,10,32.0
43000948501,weekend,11,27.0
43000948501,weekend,12,22.0
43000948501,weekend,13,27.0
43000948501,weekend,14,16.0
43000948501,weekend,16,55.5
43000948501,weekend,19,26.0
43000948502,weekday,5,27.0
43000948502,weekday,7,26.0
43000948502,weekday,8,61.0
43000948502,weekday,9,29.0
43000948502,weekday,10,32.0
43000948502,weekday,11,32.0
43000948502,weekday,12,21.0
43000948502,weekday,13,31.0
43000948502,weekday,14,31.0
43000948502,weekday,15,31.0
43000948502,weekday,16,26.5
43000948502,weekday,17,47.5
43000948502,weekday,18,28.5
43000948502,weekday,19,27.0
43000948502,weekday,20,30.0
43000948502,weekday,21,26.0
43000948502,weekend,9,39.0
43000948502,weekend,10,33.0
43000948502,weekend,12,24.0
43000948502,weekend,13,21.0
43000948502,weekend,14,22.0
43000948502,weekend,16,30.5
43000948502,weekend,17,22.0
43000948502,weekend,18,32.0
43000948901,weekday,6,21.0
43000948901,weekday,8,27.0
43000948901,weekday,9,31.0
43000948901,weekday,10,29.0
43000948901,weekday,11,31.0
43000948901,weekday,12,27.0
43000948901,weekday,13,28.0
43000948901,weekday,14,21.0
43000948901,weekday,15,27.0
43000948901,weekday,16,27.0
43000948901,weekday,17,32.0
43000948901,weekday,18,29.0
43000948901,weekday,21,28.0
43000948901,weekend,10,35.0
43000948901,weekend,12,59.0
43000948901,weekend,14,33.0
43000948901,weekend,15,16.0
43000948901,weekend,18,24.0
43000949901,weekday,7,32.0
43000949901,weekday,8,32.0
43000949901,weekday,9,26.5
43000949901,weekday,10,28.0
43000949901,weekday,11,27.0
43000949901,weekday,12,27.0
43000949901,weekday,13,29.5
43000949901,weekday,14,32.0
43000949901,weekday,15,29.5
43000949901,weekday,16,27.0
43000949901,weekday,17,27.0
43000949901,weekday,18,32.0
43000949901,weekday,19,32.0
43000949901,weekend,11,24.5
43000949901,weekend,12,27.0
43000949901,weekend,13,21.0
43000949901,weekend,15,30.0
43000949901,weekend,16,26.0
43000949901,weekend,17,33.0
43000949901,weekend,18,31.0
43000949901,weekend,20,26.0
43000949902,weekday,7,22.0
43000949902,weekday,8,27.0
43000949902,weekday,9,21.0
43000949902,weekday,10,31.5
43000949902,weekday,11,32.5
43000949902,weekday,13,32.0
43000949902,weekday,14,24.0
43000949902,weekday,15,27.0
43000949902,weekday,16,29.0
43000949902,weekday,17,28.0
43000949902,weekday,18,29.0
43000949902,weekday,20,29.0
43000949902,weekend,9,21.0
43000949902,weekend,11,32.0
43000949902,weekend,14,24.0
43000949902,weekend,15,32.0
43000949902,weekend,16,26.0
43000949902,weekend,19,37.0
43000956001,weekday,8,21.5
43000956001,weekday,9,26.0
43000956001,weekday,10,27.0
43000956001,weekday,11,28.0
43000956001,weekday,12,29.0
43000956001,weekday,13,32.5
43000956001,weekday,15,27.5
43000956001,weekday,17,32.0
43000956001,weekday,18,29.5
43000956001,weekday,20,29.0
43000956001,weekend,12,17.0
43000956001,weekend,13,37.0
43000956001,weekend,14,21.5
43000956001,weekend,15,29.5
43000956001,weekend,16,26.0
43000956001,weekend,19,26.0
43000956001,weekend,22,32.0
43001326701,weekday,8,32.0
43001326701,weekday,9,32.0
43001326701,weekday,11,27.0
43001326701,weekday,13,26.0
43001326701,weekday,17,32.0
43001326701,weekday,18,18.5
43001326701,weekday,19,26.5
43001326701,weekday,22,31.0
43001326701,weekday,23,27.0
43001326701,weekend,11,60.0
43001326701,weekend,14,150.0
43001326701,weekend,15,32.0
43001326701,weekend,20,27.0
43001326701,weekend,22,40.0
43001331501,weekday,8,22.0
43001331501,weekday,9,31.0
43001331501,weekday,10,31.0
43001331501,weekday,11,32.0
43001331501,weekday,12,34.0
43001331501,weekday,13,27.0
43001331501,weekday,14,32.0
43001331501,weekday,15,31.0
43001331501,weekday,16,22.0
43001331501,weekday,17,31.0
43001331501,weekday,18,48.0
43001331501,weekday,19,27.0
43001331501,weekday,21,27.0
43001331501,weekend,10,32.0
43001331501,weekend,11,26.0
43001331501,weekend,12,25.0
43001331501,weekend,13,32.0
43001331501,weekend,14,31.5
43001331501,weekend,15,32.0
43001331501,weekend,16,17.0
43001331501,weekend,17,59.0
43001331501,weekend,18,30.0
43001331501,weekend,19,38.0
43001331501,weekend,20,26.0
43001331501,weekend,22,21.0
43001331501,weekend,23,27.0
43002154001,weekday,9,27.0
43002154001,weekday,10,32.0
43002154001,weekday,11,32.0
43002154001,weekday,13,38.0
43002154001,weekday,14,27.0
43002154001,weekday,16,64.0
43002154001,weekday,17,50.0
43002154001,weekday,20,26.0
43002154001,weekday,23,15.0
43002154001,weekend,10,37.0
43002154001,weekend,15,32.0
43002154001,weekend,18,27.0
43002154001,weekend,21,26.0
43002702003,weekday,7,54.0
43002702003,weekday,8,31.5
43002702003,weekday,9,23.5
43002702003,weekday,10,53.0
43002702003,weekday,11,42.0
43002702003,weekday,12,26.5
43002702003,weekday,14,37.0
43002702003,weekday,15,27.0
43002702003,weekday,16,31.0
43002702003,weekday,17,31.0
43002702003,weekday,18,37.0
43002702003,weekday,19,31.5
43002702003,weekday,22,30.0
43002702003,weekend,11,16.0
43002702003,weekend,13,25.0
43002702003,weekend,14,31.0
43002702003,weekend,15,32.0
43002702003,weekend,16,38.0
43002702003,weekend,17,44.5
43002702003,weekend,20,32.0
43002702003,weekend,23,22.0
43002702004,weekday,7,31.0
43002702004,weekday,8,31.0
43002702004,weekday,9,46.0
43002702004,weekday,10,26.5
43002702004,weekday,12,26.5
43002702004,weekday,13,21.0
43002702004,weekday,14,21.0
43002702004,weekday,15,27.0
43002702004,weekday,16,26.5
43002702004,weekday,17,27.5
43002702004,weekday,18,31.0
43002702004,weekday,19,26.0
43002702004,weekday,20,20.0
43002702004,weekday,22,21.0
43002702004,weekday,23,27.0
43002702004,weekend,9,16.0
43002702004,weekend,14,18.0
43002702004,weekend,15,21.0
43002702004,weekend,16,30.0
43002702004,weekend,19,28.0
43002702004,weekend,20,22.0
43002702501,weekday,21,27.0
43002702501,weekend,20,90.0
43002702502,weekday,8,34.0
43002702502,weekday,9,26.5
43002702502,weekday,10,35.0
43002702502,weekday,11,27.0
43002702502,weekday,13,32.0
43002702502,weekday,14,25.5
43002702502,weekday,15,32.0
43002702502,weekday,16,26.5
43002702502,weekday,17,22.0
43002702502,weekday,18,31.0
43002702502,weekend,9,33.0
43002702502,weekend,10,37.0
43002702502,weekend,11,26.5
43002702502,weekend,17,22.0
43002720002,weekday,7,32.0
43002720002,weekday,8,32.0
43002720002,weekday,9,32.0
43002720002,weekday,10,31.0
43002720002,weekday,11,32.0
43002720002,weekday,12,31.0
43002720002,weekday,13,27.0
43002720002,weekday,14,28.0
43002720002,weekday,15,65.0
43002720002,weekday,16,40.0
43002720002,weekday,17,32.5
43002720002,weekday,18,29.0
43002720002,weekday,19,27.0
43002720002,weekday,20,29.0
43002720002,weekday,21,27.0
43002720002,weekday,22,26.0
43002720002,weekday,23,27.0
43002720002,weekend,9,16.0
43002720002,weekend,10,24.5
43002720002,weekend,11,43.0
43002720002,weekend,12,43.0
43002720002,weekend,13,34.0
43002720002,weekend,14,26.0
43002720002,weekend,15,32.0
43002720002,weekend,16,32.0
43002720002,weekend,17,42.0
43002720002,weekend,19,21.0
43002720002,weekend,20,38.0
43002720002,weekend,21,32.0
43002720002,weekend,22,27.0
43002802503,weekday,5,32.0
43002802503,weekday,7,26.0
43002802503,weekday,8,31.0
43002802503,weekday,9,32.0
43002802503,weekday,10,26.5
43002802503,weekday,11,32.0
43002802503,weekday,12,27.0
43002802503,weekday,13,27.0
43002802503,weekday,14,29.5
43002802503,weekday,15,29.0
43002802503,weekday,16,28.5
43002802503,weekday,17,29.0
43002802503,weekday,18,27.0
43002802503,weekday,19,29.5
43002802503,weekday,20,28.5
43002802503,weekday,21,27.0
43002802503,weekend,10,29.0
43002802503,weekend,11,32.0
43002802503,weekend,12,32.0
43002802503,weekend,13,32.0
43002802503,weekend,14,32.5
43002802503,weekend,15,31.0
43002802503,weekend,16,21.0
43002802503,weekend,17,34.5
43002802503,weekend,18,60.0
43002802503,weekend,19,21.5
43002802504,weekday,0,22.0
43002802504,weekday,6,32.0
43002802504,weekday,7,29.0
43002802504,weekday,8,32.0
43002802504,weekday,9,32.0
43002802504,weekday,10,37.0
43002802504,weekday,11,32.0
43002802504,weekday,12,31.0
43002802504,weekday,13,32.0
43002802504,weekday,14,32.0
43002802504,weekday,15,32.0
43002802504,weekday,16,32.0
43002802504,weekday,17,32.0
43002802504,weekday,18,31.0
43002802504,weekday,19,31.0
43002802504,weekday,20,31.0
43002802504,weekday,21,26.0
43002802504,weekday,22,32.0
43002802504,weekday,23,31.5
43002802504,weekend,9,27.0
43002802504,weekend,10,29.0
43002802504,weekend,11,31.0
43002802504,weekend,12,32.0
43002802504,weekend,13,33.0
43002802504,weekend,14,37.0
43002802504,weekend,15,27.5
43002802504,weekend,16,32.0
43002802504,weekend,17,32.5
43002802504,weekend,18,29.0
43002802504,weekend,19,32.5
43002802504,weekend,20,31.5
43002802504,weekend,21,32.0
43002802504,weekend,22,27.0
43002802504,weekend,23,21.0
43002830501,weekday,0,31.0
43002830501,weekday,6,68.0
43002830501,weekday,7,57.0
43002830501,weekday,8,26.5
43002830501,weekday,9,58.5
43002830501,weekday,10,27.0
43002830501,weekday,11,63.0
43002830501,weekday,12,27.0
43002830501,weekday,13,32.0
43002830501,weekday,14,32.0
43002830501,weekday,15,32.0
43002830501,weekday,16,122.5
43002830501,weekday,17,121.0
43002830501,weekday,18,63.0
43002830501,weekday,19,37.0
43002830501,weekday,20,24.5
43002830501,weekday,21,53.0
43002830501,weekday,22,27.0
43002830501,weekend,10,17.0
43002830501,weekend,11,58.0
43002830501,weekend,12,47.0
43002830501,weekend,13,28.0
43002830501,weekend,14,16.0
43002830501,weekend,15,26.0
43002830501,weekend,16,88.0
43002830501,weekend,17,27.0
43002830501,weekend,22,32.0
43002830501,weekend,23,27.0
43002830502,weekday,0,163.0
43002830502,weekday,4,124.0
43002830502,weekday,5,119.0
43002830502,weekday,6,96.0
43002830502,weekday,7,31.0
43002830502,weekday,8,27.0
43002830502,weekday,9,95.5
43002830502,weekday,10,86.5
43002830502,weekday,11,31.0
43002830502,weekday,12,37.0
43002830502,weekday,13,31.0
43002830502,weekday,14,65.0
43002830502,weekday,15,122.0
43002830502,weekday,16,136.0
43002830502,weekday,17,32.0
43002830502,weekday,18,30.0
43002830502,weekday,19,45.0
43002830502,weekday,20,32.0
43002830502,weekend,10,40.0
43002830502,weekend,11,55.0
43002830502,weekend,12,51.0
43002830502,weekend,13,62.5
43002830502,weekend,14,33.0
43002830502,weekend,15,26.5
43002830502,weekend,16,59.0
43002830502,weekend,18,51.0
43002830502,weekend,20,50.5
43002830502,weekend,22,27.0
43002890001,weekday,0,26.0
43002890001,weekday,6,26.0
43002890001,weekday,7,32.0
43002890001,weekday,8,32.5
43002890001,weekday,9,27.0
43002890001,weekday,10,29.0
43002890001,weekday,11,31.0
43002890001,weekday,12,29.5
43002890001,weekday,13,28.0
43002890001,weekday,14,32.0
43002890001,weekday,15,32.0
43002890001,weekday,16,31.5
43002890001,weekday,17,32.0
43002890001,weekday,18,27.0
43002890001,weekday,19,27.0
43002890001,weekday,20,26.5
43002890001,weekday,21,37.0
43002890001,weekday,22,28.0
43002890001,weekday,23,28.0
43002890001,weekend,9,36.0
43002890001,weekend,10,39.5
43002890001,weekend,11,21.0
43002890001,weekend,12,52.0
43002890001,weekend,13,33.0
43002890001,weekend,14,56.5
43002890001,weekend,15,22.0
43002890001,weekend,16,22.0
43002890001,weekend,17,45.5
43002890001,weekend,18,33.0
43002890001,weekend,19,26.0
43002890001,weekend,22,29.5
43002890001,weekend,23,26.0
43003001502,weekday,7,20.0
43003001502,weekday,8,38.0
43003001502,weekday,9,26.5
43003001502,weekday,10,32.0
43003001502,weekday,11,27.0
43003001502,weekday,12,32.0
43003001502,weekday,13,31.0
43003001502,weekday,14,26.0
43003001502,weekday,15,37.0
43003001502,weekday,16,32.5
43003001502,weekday,17,32.0
43003001502,weekday,18,31.0
43003001502,weekday,19,29.5
43003001502,weekday,20,38.0
43003001502,weekday,21,22.0
43003001502,weekend,9,81.5
43003001502,weekend,10,32.5
43003001502,weekend,11,38.5
43003001502,weekend,12,80.0
43003001502,weekend,13,32.0
43003001502,weekend,14,27.0
43003001502,weekend,15,27.0
43003001502,weekend,16,31.5
43003001502,weekend,18,27.0
43003001502,weekend,19,21.0
43003001502,weekend,20,28.0
43003001502,weekend,22,23.5
43003003003,weekday,5,27.0
43003003003,weekday,8,32.0
43003003003,weekday,9,20.5
43003003003,weekday,10,21.0
43003003003,weekday,13,26.5
43003003003,weekday,14,27.0
43003003003,weekday,15,32.5
43003003003,weekday,16,26.5
43003003003,weekday,18,27.0
43003003003,weekday,19,29.0
43003003003,weekday,20,27.0
43003003003,weekday,21,29.5
43003003003,weekend,9,18.5
43003003003,weekend,11,28.5
43003003003,weekend,12,26.0
43003003003,weekend,13,27.0
43003003003,weekend,14,38.0
43003003003,weekend,15,22.0
43003003003,weekend,16,31.5
43003003003,weekend,17,21.0
43003003003,weekend,18,27.0
43003003501,weekday,8,37.0
43003003501,weekday,9,28.5
43003003501,weekday,10,31.0
43003003501,weekday,11,29.0
43003003501,weekday,12,35.5
43003003501,weekday,13,27.0
43003003501,weekday,14,32.0
43003003501,weekday,15,60.5
43003003501,weekday,16,90.5
43003003501,weekday,17,59.0
43003003501,weekday,18,48.0
43003003501,weekday,19,24.5
43003003501,weekday,21,44.5
43003003501,weekday,22,29.0
43003003501,weekday,23,26.5
43003003501,weekend,10,32.0
43003003501,weekend,11,32.0
43003003501,weekend,13,31.0
43003003501,weekend,14,54.0
43003003501,weekend,15,30.0
43003003501,weekend,16,22.0
43003003501,weekend,17,27.0
43003003501,weekend,18,34.5
43003003501,weekend,19,32.0
43003003501,weekend,20,32.0
43003003501,weekend,21,17.0
43003003501,weekend,22,29.0
43003003503,weekday,8,59.0
43003003503,weekday,9,33.0
43003003503,weekday,12,26.0
43003003503,weekday,14,32.0
43003003503,weekday,15,57.0
43003003503,weekday,16,91.0
43003003503,weekday,17,63.0
43003003503,weekday,18,91.0
43003003503,weekend,19,21.0
